count,country,region,tgn_or_wiki_label,label_en,label_it,label_de,label_fr,type,scope_note,wikidata_description,tgn_uri,wikidata_uri,notes
16474,Italia,Lazio,Lazio,Latium,Lazio,Latium,Latium,regions,Region of Italy comprising a hilly area with a narrow coastal plain in central Italy. Modern adminisrative region includes a part of the territory of ancient Latium.,administrative region of Italy,http://vocab.getty.edu/tgn/7003080,http://www.wikidata.org/entity/Q1282,
16336,Italia,Toscana,Toscana,Tuscany,Toscana,Toskana,Toscane,regions,"Area was core of ancient Etruria; conquered by Romans 4th century BCE; ruled by Lombards, then Franks; most cities became independent communes 11th-12th centuries; saw great strife between Guelphs and Ghibellines; part of grand duchy of Florence from the 16th century.",region in central Italy,http://vocab.getty.edu/tgn/7009760,http://www.wikidata.org/entity/Q1273,
9864,Italia,Lombardia,Lombardia,Lombardy,Lombardia,Lombardei,Lombardie,regions,"Inhabited by Gallic people; part of Roman Cisalpine Gaul from 3rd century BCE; core of Germanic Lombard kingdom from 569; ruled by Charlemagne from 774, by bishops of Milan from the 11th century, by Visconti family and Sforza dukes 14th-15th centuries, then by Hapsburgs.",administrative region in Northern Italy,http://vocab.getty.edu/tgn/7003237,http://www.wikidata.org/entity/Q1210,
9801,Stati Uniti d'America,New York,New York,New York,New York,New York,New York,states,Occupied by Algonquians (Mohican & Munsee) and Iroquois (Five Nations) when Europeans settled here in 17th cen.; French and Algonquians warred with English & Iroquois in 18th cen.; state was divided during Revolution; supported Union in Civil War.,state of the United States of America,http://vocab.getty.edu/tgn/7007568,http://www.wikidata.org/entity/Q1384,
6315,Italia,Emilia Romagna,Emilia-Romagna,Emilia-Romagna,Emilia-Romagna,,Émilie-Romagne,regions,"Rich agricultural area bordering Adriatic Sea; Emilia and Romagna fell to Lombards 5th century CE; Emilia went to Franks 8th century, duchy of Modena by 17th century, then to Parma and Piacenza; Romagna was ruled by Byzantines 6th century, and by Pope from 16th century.",region in Italy,http://vocab.getty.edu/tgn/7008516,http://www.wikidata.org/entity/Q1263,
6000,Italia,Veneto,Veneto,Venetan,Veneto,,,regions,Settled by ancient Celtic people (Veneti) in 1st mill. BCE; ruled by Rome from 2nd cen. BCE; invaded by Huns in mid-5th cen. CE; area gained financial and military prominence in 15th cen.; was passed between France and Austria during 18th-19th cen.,region in Italy,http://vocab.getty.edu/tgn/7002997,http://www.wikidata.org/entity/Q1243,
4017,Italia,Umbria,Umbria,Umbria,Umbria,Umbrien,Ombrie,regions,"Was home of ancient Umbri tribes, who spoke an Indo-European dialect and were concentrated here to escape Etruscan and Gallic pressure during 1st mill. BCE; later held by Romans, Lombards and Byzantines; city-states developed; went to Papal States in the 16th century.",region of Italy,http://vocab.getty.edu/tgn/7003125,http://www.wikidata.org/entity/Q1280,
3787,Francia,Île-de-France,Île-de-France,Île-de-France,,Île-de-France,Île-de-France,regions,"Area was political center of old France, and has been hub of France ever since; most densely populated region of France; in addition to large uban area around Paris, is noted for fertile fields in outlying areas; see historical region, Île-de-France.",administrative region of France,http://vocab.getty.edu/tgn/7002883,http://www.wikidata.org/entity/Q13917,
2316,Italia,Marche,Marche,Marches,Marche,Marken,Marches,regions,"Inhabited early by Umbri and Picentes people; colonized by Greeks, later by Romans (3rd century BCE); invaded by Goths 5th century CE; portions ruled by Byzantines and Lombards; ruled by Pope in 8th century and again from the 13th century.",region in Italy,http://vocab.getty.edu/tgn/7003240,http://www.wikidata.org/entity/Q1279,
2068,Italia,Campania,Campania,Campania,Campania,Kampanien,Campanie,regions,"Administrative region of Italy. Productive agricultural area from ancient times; settled by Etruscans; taken by Samnites 5th century BCE, supported Greek colonies along coast; was Roman from 4th century BCE; later ruled by Goths, Byzantines, Lombards, and Normans; part of Two Sicilies from 1282.",region in Southern Italy,http://vocab.getty.edu/tgn/7003005,http://www.wikidata.org/entity/Q1438,
1747,Italia,Piemonte,Piemonte,Piedmont,Piemonte,Piemont,Piémont,regions,Part of the Roman Empire from 1st cen. BCE; established as a political unit by 10th cen.; went to Savoy in 1045; supported feudal states in 12th cen.; was nominal fief of Holy Roman Empire through Middle Ages; held by house of Savoy into 19th cen.,region in North-West Italy,http://vocab.getty.edu/tgn/7003120,http://www.wikidata.org/entity/Q1216,
1502,Italia,Liguria,Liguria,Liguria,Liguria,Ligurien,Ligurie,regions,"Fertile coastal strip (Italian Riviera) and inland mountains; home to prehistoric Ligurii people, who inhabited Mediterranean coast from Rhône to Arno rivers; visited by Phoenicians & Greeks; taken by Rome 2nd cen. BCE; ruled by Genoa from 13th cen.",Italian region,http://vocab.getty.edu/tgn/7003236,http://www.wikidata.org/entity/Q1256,
1421,Stati Uniti d'America,District of Columbia,District of Columbia,District of Columbia,,"Washington, D.C.",District de Columbia,national districts,"Federal district coextensive with city of Washington; US was first nation to plan a capital exclusively for seat of government; originally was a 10-mile square in Maryland & Virginia, on both banks of Potomac river; Virginia reclaimed its land in 1846.","federal district of the United States of America, containing the capital city of the United States, Washington",http://vocab.getty.edu/tgn/7015717,http://www.wikidata.org/entity/Q3551781,
934,Stati Uniti d'America,Pennsylvania,Pennsylvania,Pennsylvania,,,Pennsylvanie,states,"Occupied mainly by Algonquian, with Iroquoian-speakers in E, when English, Dutch and Swedes settled here 17th cen.; haven for religious dissenters founded by W Penn in 1682; suffered battles in French and Indian wars; was strongly pro-Revolution and pro-Union.",state of the United States of America,http://vocab.getty.edu/tgn/7007710,http://www.wikidata.org/entity/Q1400,
863,Stati Uniti d'America,Massachusetts,Massachusetts,Massachusetts,,,Massachusetts,states,Settled by Amerindians by 2nd mill. BCE; Norsemen may have landed here in 1003; Europeans fished here in 16th cen.; Plymouth Colony established by English in 1620; played key role in Revolution; was intellectual center of nation until mid-19th cen.,state of the United States of America,http://vocab.getty.edu/tgn/7007517,http://www.wikidata.org/entity/Q771,
658,Italia,Abruzzi,Abruzzi,Abruzzo,Abruzzi,Abruzzen,Abruzzes,regions,"Region in central Italy, the most mountainous in the Italian Apennines; populated since Paleolithic times; Roman from 304 BCE; part of Lombard duchy of Spoleto 6th-11th centuries CE; part of kingdom of Naples 1266-1860.",region in Italy,http://vocab.getty.edu/tgn/7009084,http://www.wikidata.org/entity/Q1284,
636,Stati Uniti d'America,California,California,California,,Kalifornien,Californie,states,"Inhabited by many ethnic nationalities including Mojave, Yuma and Chumash when Spanish arrived in 16th cen.; Franciscans established missions all along coast; went to Mexico in 1820s; went to US in 1848; great influx of settlers from E arrived in gold rush.",state of the United States of America,http://vocab.getty.edu/tgn/7007157,http://www.wikidata.org/entity/Q99,
629,Stati Uniti d'America,Maryland,Maryland,Maryland,Maryland,Maryland,Maryland,states,"Occupied by roving hunters by ca. 8000 BC, later was home to agrarian cultures; Algonquian-speakers, at war with Iroquois to N, lived here when Europeans settled in 17th cen.; fought in Revolution; state had split loyalties in Civil War.",state of the United States of America,http://vocab.getty.edu/tgn/7007516,http://www.wikidata.org/entity/Q1391,
569,Italia,Sicilia,Sicilia,Sicily,Sicilia,Sizilien,Sicile,regions,"The region comprises the large island of the same name and several nearby smaller islands. Sicily became a major center of revolutionary movements in the 19th century: as a result of Giuseppe Garibaldi's revolt, it was liberated from the Bourbons in 1860 and in the following year it was incorporated into the united kingdom of Italy. Sicily gained regional autonomy in 1947.",Italian region,http://vocab.getty.edu/tgn/7003122,http://www.wikidata.org/entity/Q1460,
356,Francia,Provenza-Alpi-Costa Azzurra,Provence-Alpes-Côte d'Azur,Provence-Alpes-Côte d'Azur,Provenza-Alpi-Costa Azzurra,Provence-Alpes-Côte d’Azur,Provence-Alpes-Côte d’Azur,regions,,French administrative region,http://vocab.getty.edu/tgn/7002895,http://www.wikidata.org/entity/Q15104,
326,Stati Uniti d'America,Connecticut,Connecticut,Connecticut,Connecticut,Connecticut,Connecticut,states,"Originally inhabited by 16 tribes of Algonquian Indians; Dutchman, A Block, was first European in the area; English arrived in 1633, battled with Amerindians & Dutch; area provided supplies for Revolution; characterized today by rural & shore communities.",state of the United States of America,http://vocab.getty.edu/tgn/7007159,http://www.wikidata.org/entity/Q779,
308,Stati Uniti d'America,Illinois,Illinois,Illinois,,,Illinois,states,Inhabited by 8000 BCE; Mississippian people flourished ca. 1300 CE; had largest pre-Columbian community N of Mexico; various Algonquian tribes were here when French & English settled 17-18th centuries; went to USA in 1778 in Revolution; pro-Union in Civil War.,state of the United States of America,http://vocab.getty.edu/tgn/7007251,http://www.wikidata.org/entity/Q1204,
296,Stati Uniti d'America,Ohio,Ohio,Ohio,,,Ohio,states,"Inhabited by 5000 BCE; center for Hopewell culture before 400 CE; home to Miami, Shawnee, Wyandot, Delaware and others when French & British arrived 17-18th cen.; Amerindians supported British in Revolution; 300,000 soldiers fought for Union in Civil War.",state of the United States of America,http://vocab.getty.edu/tgn/7007706,http://www.wikidata.org/entity/Q1397,
274,Italia,Friuli Venezia Giulia,Friuli-Venezia Giulia,Friuli Venezia Giulia,Friuli-Venezia Giulia,Friaul-Julisch Venetien,Frioul-Vénétie julienne,regions,,autonomous region of Italy,http://vocab.getty.edu/tgn/7002993,http://www.wikidata.org/entity/Q1250,
264,Stati Uniti d'America,South Carolina,South Carolina,South Carolina,Carolina del Sud,,Caroline du Sud,states,"Inhabited by Cusabo, Creek, Congaree and others when Spanish, French & English arrived 16-17th cen.; Europeans penetrated inland in 18th cen.; strongly supported the American Revolution; was slave state, the first to join Confederacy in 1860 in Civil War.",state of the United States of America,http://vocab.getty.edu/tgn/7007712,http://www.wikidata.org/entity/Q1456,
245,Stati Uniti d'America,Florida,Florida,Florida,,Florida,Floride,states,"On low-lying peninsula inhabited by 8,000 BCE; farming began by 500 BCE, with hunters/fishers living in N and some immigration from Cuba and Bahamas; Seminoles lived here in 19th cen.; Spanish arrived in 16th century, but major European influx came in 19th century.",state of the United States of America,http://vocab.getty.edu/tgn/7007240,http://www.wikidata.org/entity/Q812,
243,Italia,Puglia,Puglia,Apulia,Puglia,Apulien,Pouilles,regions,"Was home to early Apulians and Greek colonists; came under control of republican Rome by 3rd century BCE; taken by Goths, Lombards and Byzantines; was duchy under Normans in 12th century; part of Kingdom of Two Sicilies and later of Holy Roman Empire.",region of Italy,http://vocab.getty.edu/tgn/7010380,http://www.wikidata.org/entity/Q1447,
216,Francia,Alvernia-Rodano-Alpi,Auvergne-Rhône-Alpes,,Alvernia-Rodano-Alpi,,Auvergne-Rhône-Alpes,regions,"Established in 2016, this region combined the former regions of Auvergne and Rhône-Alpes.",French administrative region,http://vocab.getty.edu/tgn/8711848,http://www.wikidata.org/entity/Q18338206,
213,Francia,Borgogna-Franca Contea,Bourgogne-Franche-Comté,,Borgogna-Franca Contea,,Bourgogne-Franche-Comté,first level subdivisions,"Established in 2016, this region combined the former regions of Bourgogne and Franche-Comté.",,http://vocab.getty.edu/tgn/8711849,,
210,Stati Uniti d'America,New Jersey,New Jersey,New Jersey,,,New Jersey,states,"Was summer home of Delaware (Lenni Lenape) Indians when Dutch, English, Scots-Irish and Swedes settled here in 17th cen.; Tory activity and several battles occurred in area during Revolution; sentiment was mainly pro-Union in Civil War.",state of the United States of America,http://vocab.getty.edu/tgn/7007565,http://www.wikidata.org/entity/Q1408,
204,Stati Uniti d'America,Michigan,Michigan,Michigan,,,Michigan,states,"Inhabited by Ojibwa, Ottawa, Potawatomi and others when French arrived in 18th cen.; taken by England in 1760s, by USA in Revolution and again in War of 1812; most Amerindians were forced west in 19th cen.; pro-Union in Civil War, noted for African regiment.",state of the United States of America,http://vocab.getty.edu/tgn/7007520,http://www.wikidata.org/entity/Q1166,
200,Stati Uniti d'America,Texas,Texas,Texas,,,Texas,states,"Possibly inhabited by 35,000 BCE; later had hunting and agrarian cultures; formed loose Caddo confederacies; Spanish and French settled here 16th-18th centuries; European-Americans came in 19th century; territorial conflict with Mexico 1830s; Confederate in Civil War.",state of the United States of America,http://vocab.getty.edu/tgn/7007826,http://www.wikidata.org/entity/Q1439,
176,Stati Uniti d'America,Indiana,Indiana,Indiana,,,Indiana,states,"Originally inhabited by Mound Builders; when Europeans arrived, Algonquian-speaking Miami Confederation, Potowatomi and Delaware, lived here; claimed by French in the 17th century, by British in 1763, and by the colonists in the Revolutionary War. It was strongly pro-Union in the Civil War.",state of the United States of America,http://vocab.getty.edu/tgn/7007252,http://www.wikidata.org/entity/Q1415,
171,Regno Unito,Oxfordshire,Oxfordshire,,,,,counties,Area covers most of Thames Valley; contains many Paleolithic and Neolithic artifacts; part of Anglo-Saxon kingdom of Wessex and Mercia; ruled by Danes 10th-11th centuries; site of battles during English Civil War; area includes a portion of Berkshire since 1974.,"county in England, UK",http://vocab.getty.edu/tgn/7008168,http://www.wikidata.org/entity/Q23169,
136,Stati Uniti d'America,Minnesota,Minnesota,Minnesota,,,Minnesota,states,"Inhabited in Pleistocene epoch (18,000 BCE); major groups were Ojibwa and Sioux when French fur traders arrived in 17th cen.; made of sections from Louisiana Purchase & NW Territory; supported Union in Civil War; homesteaded by Scandinavians in 1880s.",state of the United States of America,http://vocab.getty.edu/tgn/7007521,http://www.wikidata.org/entity/Q1527,
127,Stati Uniti d'America,North Carolina,North Carolina,North Carolina,Carolina del Nord,,Caroline du Nord,states,"Inhabited since 14,000 BCE; Catawba, Cherokee and others were here when Europeans arrived 16th-17th cen., last group was forced out in 1830s; had internal strife due to divided loyalties during the American Revolution; joined the Confederacy in Civil War.",state of the United States of America,http://vocab.getty.edu/tgn/7007709,http://www.wikidata.org/entity/Q1454,
126,Stati Uniti d'America,Missouri,Missouri,Missouri,,,Missouri,states,"Inhabited by Osage and Missouri Indians when French arrived in 17th cen.; area went to Spain in 1762, back to France and then sold to USA in Louisiana Purchase of 1803; was a slave state, but did not secede from the Union in the Civil War.",state of the United States of America,http://vocab.getty.edu/tgn/7007523,http://www.wikidata.org/entity/Q1581,
116,Stati Uniti d'America,Delaware,Delaware,Delaware,Delaware,Delaware,Delaware,states,"Area was occupied by Amerindians, who were later called ""Delaware""; settled by English, Dutch and Swedes in 17th century; strongly supported the Revolution, was first to ratify the Federal Constitution; was slave state before Civil War, though loyal to Union.",state of the United States of America,http://vocab.getty.edu/tgn/7007239,http://www.wikidata.org/entity/Q1393,
111,Italia,Sardegna,Sardegna,Sardinia,Sardegna,Sardinien,Sardaigne,regions,Region comprises the large island of the same name and several nearby small islands.,autonomous region of Italy,http://vocab.getty.edu/tgn/7003121,http://www.wikidata.org/entity/Q1462,
109,Regno Unito,Gloucestershire,Gloucestershire,Gloucestershire,,,,counties,"Bisected by River Severn and comprises scenic woodlands valleys; occupied by prehistoric peoples, Romans and the Saxon Hwicce tribe; site of English-Welsh border disputes during Middle Ages; Cotswold area is famous for its wool.",,http://vocab.getty.edu/tgn/7008132,,
102,Stati Uniti d'America,Virginia,Virginia,Virginia,,,Virginie,states,"Inhabited by Tutelo Indians, Powhatan, Conoy & others; English settled here in early 17th cen., had white & black indentured servants, later employed slaves; fought in American Revolution; joined Confederacy & was site of bloody battles in Civil War.",state of the United States of America,http://vocab.getty.edu/tgn/7007919,http://www.wikidata.org/entity/Q1370,
96,Italia,Trentino-Alto Adige,Trentino-Alto Adige,Trentino-Alto Adige,Trentino-Alto Adige,Autonome Region Trentino-Südtirol,Trentin-Tyrol-du-Sud,regions,"Mountainous region in northern Italy; was part of Austria in 19th century, and almost half of the population still speaks German as a first language; suffered in WW II after opposing the Fascist plan to ""Italianize"" the area.",autonomous region in Northern Italy,http://vocab.getty.edu/tgn/7003124,http://www.wikidata.org/entity/Q1237,
95,Regno Unito,Cambridgeshire,Cambridgeshire,Cambridgeshire,,,,counties,"Comprises low ridges, plains and former islands; crossed by rivers Nene and the Great Ouse; noted for archaeological sites (prehistoric tracks), Saxon churches and the university buildings of Cambridge; produces beets, potatoes, and fruit for canning.",,http://vocab.getty.edu/tgn/7011980,,
82,Italia,Calabria,Calabria,Calabria,Calabria,Kalabrien,Calabre,regions,"Settled in prehistoric times; was powerful Greek colonial area; taken by Romans in 268 BCE, by Byzantine Empire in 9th century CE, and by Normans in the 11th century; was center of Italian republicanism and united to Kingdom of Italy 1860.",region of Italy,http://vocab.getty.edu/tgn/7007850,http://www.wikidata.org/entity/Q1458,
80,Francia,Alta Francia,Hauts-de-France,,,,Hauts-de-France,regions,,,http://vocab.getty.edu/tgn/8711851,,
75,Regno Unito,Merseyside,Merseyside,Merseyside,,,,counties,"Metropolitan county on the northwest coast of England; it was created in 1974 from southwestern Lancashire and northwestern Cheshire. It 1996 its administrative powers shifted to the five unitary authorities of Knowsley, Sefton, Wirral, St. Helens, and Liverpool. Occupies both banks of River Mersey; comprises marshlands and low cliffs; proximity to Ireland has influenced place names and culture.",metropolitan county in North West England,http://vocab.getty.edu/tgn/7029504,http://www.wikidata.org/entity/Q23100,
74,Francia,Grand Est,Grand Est,,Alsazia-Champagne-Ardenne-Lorena,,Grand Est,regions,"Formed in 2016, this region was created from the former regions of Alsace, Champagne-Ardenne, and Lorraine. ",administrative region of France,http://vocab.getty.edu/tgn/8711850,http://www.wikidata.org/entity/Q18677983,
63,Francia,Paesi della Loira,Pays de la Loire,Pays de la Loire,Paesi della Loira,Pays de la Loire,Pays de la Loire,regions,,administrative region of France,http://vocab.getty.edu/tgn/7002893,http://www.wikidata.org/entity/Q16994,
63,Stati Uniti d'America,Georgia,Georgia,Georgia,,,Géorgie,states,"Inhabited by Creek and Cherokee when English settled here in 18th century as buffer between Spanish Florida & English South Carolina; had divided loyalties in Revolution; slavery was prohibited in 18th century, but was slave state and pro-Confederacy in Civil War.",state of the United States of America,http://vocab.getty.edu/tgn/7007248,http://www.wikidata.org/entity/Q1428,
62,Stati Uniti d'America,Arizona,Arizona,Arizona,Arizona,Arizona,Arizona,states,"Settled since 25,000 BCE; home to Hohokam by 300 BCE and Anasazi by 100 CE; nomadic Apache and Navajo arrived ca. 1300; Spanish came 16-17th centuries; area went to Mexico in 1821, to USA in 1850s after Mexican War; sided with Confederacy in 1861 in Civil War.",state of the United States of America,http://vocab.getty.edu/tgn/7006451,http://www.wikidata.org/entity/Q816,
58,Francia,Normandia,Normandie,Normandy,Normandia,Normandie,Normandie,regions,"Established in 2016, combining the former regions ""Haute-Normandie"" and ""Basse-Normandie.""",region of France,http://vocab.getty.edu/tgn/8711852,http://www.wikidata.org/entity/Q18677875,
57,Regno Unito,Lancashire,Lancashire,,,,,counties,"Consists of level plateaus, moorlands and river valleys; occupied in prehistoric and Roman times; suffered from Black Plague, War of Roses, and Scottish Border Wars; was large textile center from the late 18th century, but recent decline precipitated emigration.","ceremonial county in North-West England, United Kingdom",http://vocab.getty.edu/tgn/7008154,http://www.wikidata.org/entity/Q23077,
57,Regno Unito,Sussex,East Sussex,East Sussex,,,,counties,"Comprises chalk hills, ragged coastline, and marshes; area contained Neolithic camps, an Iron Age hill fort, and Norman castles; was source of grain and iron ore to Romans; iron industry thrived in Middle Ages; seaside resorts became important in the 18th century.",,http://vocab.getty.edu/tgn/7008129,,
57,Stati Uniti d'America,Rhode Island,Rhode Island,Rhode Island,Rhode Island,,Rhode Island,states,"First European settlements were established by English colonists banished from Massachusetts in 1630s; attracted diverse population, including Quakers and Jews; fought in Revolution; long resisted ratification of the Constitution; was strongly pro-Union.",state of the United States of America,http://vocab.getty.edu/tgn/7007711,http://www.wikidata.org/entity/Q1387,
56,Regno Unito,Wiltshire,Wiltshire,Wiltshire,,,,counties,"County in southern England; watershed area separating basins of Bristol Channel, English Channel and River Thames; chalk uplands populated in prehistoric times and contains many stone monuments and burial mounds, including Neolithic Stonehenge and Avebury; primarily an agricultural area; administrative center is Trowbridge; Swindon became an independent unitary authority in 1997.","unitary authority (doesn't include Swindon) in Wiltshire, South West England, United Kingdom",http://vocab.getty.edu/tgn/7008180,http://www.wikidata.org/entity/Q21694746,
51,Regno Unito,Derbyshire,Derbyshire,Derbyshire,,,,counties,Consists of bleak moorlands in the north and lowlands of River Trent in the south; occupied since prehistoric times; formed part of kingdom of Mercia in 7th century; area remained pastoral until mining began in 18th century; important for textiles in 18th and 19th centuries.,,http://vocab.getty.edu/tgn/7008118,,
51,Stati Uniti d'America,Hawaii,Hawaii,Hawaii,Hawaii,Hawaii,Hawaï,states,One of two non-contiguous states; comprises most of the Hawaiian Islands; probably first inhabited by Polynesians who immigrated from Marquesas Islands ca. CE 400; immigrants from Tahiti arrived in 9th century; Europeans and Americans arrived in the 18th century,state of the United States of America,http://vocab.getty.edu/tgn/7007249,http://www.wikidata.org/entity/Q782,
46,Stati Uniti d'America,Colorado,Colorado,Colorado,,,Colorado,states,"Inhabited by Basket Makers (early Anasazi) around start of Christian Era; inhabited by cliff-dwellers and Plains Indians, mainly Arapaho and Cheyenne, when Spanish & French arrived 16th-18th century; parts went to USA in Louisiana Purchase and after Mexican War.",state of the United States of America,http://vocab.getty.edu/tgn/7007158,http://www.wikidata.org/entity/Q1261,
45,Stati Uniti d'America,Wisconsin,Wisconsin,Wisconsin,,,Wisconsin,states,"Inhabited by Ojibwa (Chippewa), Sauk, Fox, Kickapoo, Winnebago and others when French arrived from Canada in 17th cen.; went to British in 1763, to USA after Revolution; large influx of Europeans occurred in 1820s; supported Union in Civil War.",state of the United States of America,http://vocab.getty.edu/tgn/7007922,http://www.wikidata.org/entity/Q1537,
44,Francia,Nuova Aquitania,Nouvelle-Aquitaine,,Aquitania-Limosino-Poitou-Charentes,,Nouvelle-Aquitaine,regions,"Region of France created in 2016, by combining the former regions of Poitou-Charentes, Limousin, and Aquitaine. ",administrative region of France,http://vocab.getty.edu/tgn/8711853,http://www.wikidata.org/entity/Q18678082,
44,Stati Uniti d'America,Alabama,Alabama,Alabama,Alabama,Alabama,Alabama,states,"Area has been occupied for over 10,000 years; inhabited by Creek, Cherokee, Choctaw, Chickasaw & other tribes when Europeans arrived in 18th cen.; settlers took over area from Amerindians after War of 1812; was Confederate state in Civil War.",state of the United States of America,http://vocab.getty.edu/tgn/7002659,http://www.wikidata.org/entity/Q173,
43,Stati Uniti d'America,Oklahoma,Oklahoma,Oklahoma,,,Oklahoma,states,"Had Clovis and Folsom cultures 13,000 BCE; other advanced cultures thrived 500-1300 CE; Wichita, Osage, Kiowa, Comanche, Apache and others were here when Spanish & French came 16-18th cen.; in Louisiana Purchase; tribes from N and E were forced here in 19th cen.",state of the United States of America,http://vocab.getty.edu/tgn/7007707,http://www.wikidata.org/entity/Q1649,
42,Stati Uniti d'America,Tennessee,Tennessee,Tennessee,,,Tennessee,states,"Inhabited by Mound Builders; later was home to Cherokee, Chickasaw, Shawnee and Creek tribes; visited by Spanish & French 16th-17th cen.; Virginians & North Carolinians settled here 18th cen.; joined Confederacy in 1861, site of bloody battles in Civil War.",state of the United States of America,http://vocab.getty.edu/tgn/7007825,http://www.wikidata.org/entity/Q1509,
42,Stati Uniti d'America,Washington,Washington,Washington,,,Washington,states,Inhabited by many groups of NW Coast Indians and North American Plateau Indians when European and American fur traders and Protestant missionaries arrived in 18th-19th cen.; N border was agreed upon by Britain (Canada) and the USA in 1846.,state of the United States of America,http://vocab.getty.edu/tgn/7007920,http://www.wikidata.org/entity/Q1223,
41,Australia,Victoria,Victoria,Victoria,,,,states,Charted by Captain Cook in 1770; settled by Tasmanian immigrants 1835; separated from New South Wales 1851; gold was discovered in the Ballarat region in 1851.,state of Australia,http://vocab.getty.edu/tgn/7006238,http://www.wikidata.org/entity/Q36687,
41,Francia,Centro-Valle della Loira,Centre-Val de Loire,Centre-Val de Loire,Centro-Valle della Loira,Centre-Val de Loire,Centre-Val de Loire,regions,,,http://vocab.getty.edu/tgn/7002877,,
41,Regno Unito,Lincolnshire,Lincolnshire,Lincolnshire,,,,counties,"Comprises uplands, rolling chalk hills, and a limestone escarpment; uplands used as defense areas during prehistoric and Roman times; prosperous farming area in Middle Ages; industry began with mining in the 19th century; contains many towns established by Danes.",,http://vocab.getty.edu/tgn/7008157,,
39,Italia,Basilicata,Basilicata,Basilicate,Basilicata,Basilikata,Basilicate,regions,"Located off the Gulf of Taranto; was under Lombard rule in early Middle Ages; ruled by dukes of Benevento & princes of Salerno; went to Byzantines, then Normans, Angevins & Spanish; was coextensive with Potenza province until Matera was created in 1927.",region of Italy,http://vocab.getty.edu/tgn/7004610,http://www.wikidata.org/entity/Q1452,
37,Stati Uniti d'America,Louisiana,Louisiana,Louisiana,,,Louisiane,states,"Occupied by 14,000 BC; Chitimacha, Biloxi, Atakapa and others lived here when Spanish and French settled in 16th-17th cen.; French brought in many slaves; was in Louisiana Purchase; was split between Union & Confederate forces early in Civil War.",state of the United States of America,http://vocab.getty.edu/tgn/7007256,http://www.wikidata.org/entity/Q1588,
35,Francia,Occitania,Occitanie,Occitanie,Linguadoca-Rossiglione-Midi-Pirenei,,Occitanie,regions,"Region created in 2016, and which combined the former regions of Midi-Pyrénées and Languedoc-Roussillon.",administrative region of France,http://vocab.getty.edu/tgn/8711854,http://www.wikidata.org/entity/Q18678265,
35,Regno Unito,Berkshire,West Berkshire,West Berkshire,,,,unitary authorities,"About 272 sq mi in size with a population of about 144,000; largely rural; Newbury is the largest town; renowned for horse racing.",,http://vocab.getty.edu/tgn/7026382,,
33,Regno Unito,Hertfordshire,Hertfordshire,Hertfordshire,,,,counties,"Located in southeastern England, north of Greater London; drained by rivers Lea and Colne. It contains Neolithic, Bronze Age and Roman remains, a Norman castle, and many large country estates; expanded greatly in the 20th century to accomodate population and industrial overflow from London. The county is divided into ten districts.",,http://vocab.getty.edu/tgn/7008145,,
33,Regno Unito,Kent,Kent,Kent,,,,counties,"Comprises chalk cliffs, grasslands and woodlands; inhabited since prehistoric times; settled by Romans ca. 43; invaded by Jutes and Saxons in the 5th century; in Middle Ages, pilgrims came to Canterbury and Rochester cathedrals; famous for its fruits and vegetables.","ceremonial county of England, United Kingdom",http://vocab.getty.edu/tgn/7008153,http://www.wikidata.org/entity/Q23298,
33,Regno Unito,Northamptonshire,Northamptonshire,Northamptonshire,,,,counties,"Comprises wooded hills and river valleys; has pre-Celtic and Roman remains; boundries almost identical to those laid down in 1096; scene of several battles during Civil War (1642-1645); industries include engineering, shoe-manufacturing, and food-processing.",,http://vocab.getty.edu/tgn/7012031,,
33,Stati Uniti d'America,Kansas,Kansas,Kansas,,,Kansas,states,"Had agricultural culture by 1200; inhabited by Kansa, Wichita, Pawnee & others when Spanish & French visited 17th-18th cen.; part of Louisiana Purchase 1803; tribes from N & E were forced here 19th cen.; had internal strife over slavery, fought for Union.",state of the United States of America,http://vocab.getty.edu/tgn/7007254,http://www.wikidata.org/entity/Q1558,
31,Regno Unito,Scozia,Scotland,Scotland,Scozia,Schottland,Ecosse,countries,"Area was inhabited by 3rd millenium BCE; Rome invaded, but never subdued native Picts; invaded by Scots from Ireland in the 6th century CE; Picts and Scots united in 844; invaded by Norsemen beginning in the 8th century; first linked with English monarchy in 12th century; 16th century marked by religious turmoil; Crowns of Scotland and England united in 1603, parliaments in 1707; significant percentage still read or speak Scottish Gaelic language.","country in north-west Europe, part of the United Kingdom",http://vocab.getty.edu/tgn/7002444,http://www.wikidata.org/entity/Q22,
29,Regno Unito,West Midlands,West Midlands,West Midlands,,,,counties,"Metropolitan county in central England, created in 1974 out of southeastern Staffordshire, northwestern Warwickshire, and part of northeastern Worcestershire; in 1986 the county council was abolished and administrative power devolved to the new unitary authorities of Wolverhampton, Walsall, Dudley, Sandwell, Birmingham, Solihull, and Coventry; has an area of 347 sq mi. Sparsely populated until Saxon occupation ca. 5th cen.; called ""Black Country"" because of coalfields, & heavy industries in Birmingham, Dudley & Wolverhampton; important for its vast systems of canals & railways, Rover car & Cadbury chocolate factories.",metropolitan county in England,http://vocab.getty.edu/tgn/7029506,http://www.wikidata.org/entity/Q23124,
29,Stati Uniti d'America,Nebraska,Nebraska,Nebraska,,,Nebraska,states,"Inhabited by prehistoric cultures from 8000 BCE; later, was home to several tribes including Sioux and Pawnee, whose lifestyle altered with arrival of Spanish horses in 16th cen.; major European influx came after Louisiana Purchase; pro-Union in Civil War.",state of the United States of America,http://vocab.getty.edu/tgn/7007525,http://www.wikidata.org/entity/Q1553,
28,Germania,Baviera,Bayern,Bavaria,Baviera,Bayern,Bavière,states,"Bavaria is the largest state in the nation of Germany, comprising the entire southeast portion of the country. The land consists mainly of mountains and high plateaus, measuring some 27,241 square miles in area. The area was inhabited by Celts in centuries before the Common Era. It was conquered by Rome in 38 BCE, ravaged by Lombards in the 5th century, then settled by Marcomanni and Baiuoarii ca. 520. It formed the core of the Frankish dukedom from the 6th century, and became Christian by the 9th century. In 788, Charlemagne overthrew the last Frankish duke and brought Bavaria into the Carolingian Empire. It joined the Holy Roman Empire in the 10th century. In 1180 the emperor gave Bavaria to the count palatine Otto of Wittelsbach, the founder of the powerful dynasty that ruled Bavarian until 1918. Bavaria greatly expanded its territory over time, though it suffered greatly during the War of Spanish Succession. In the 18th century it first opposed then allied itself with Napoleonic France, and in 1805 was elevated from a duchy to a kingdom. The kingdom switched allegiance between Austria and Prussia several times in the turbulent 19th century, finally joining the German Empire under Prussian leadership. It retained a great deal of autonomy however, in 1918 the royal dynasty was deposed and after much civil strife, in August 1919 Bavaria joined the Weimar Republic. After World War II, Bavaria was in the American-occupied zone, and became a state in the new Federal Republic of Germany. The modern state's economy is largely industry- and trade-based, with forestry and agriculture constituting only about 10%. The state has a rich cultural life, with music and theater taking high prominent, and traditional folk art still strong. The capital is Munich. The 2004 estimated population was 10,902,600.",federated state in the south of Germany,http://vocab.getty.edu/tgn/7003669,http://www.wikidata.org/entity/Q980,
28,Stati Uniti d'America,Oregon,Oregon,Oregon,Oregon,Oregon,Oregon,states,"Inhabited by Chinook, Tillamook, Yamel, Northern Paiute, Modoc & many others when Spanish & English arrived in 16th cen.; settled by fur merchants in 18th cen.; great influx of settlers from E arrived in mid-19th cen.",state of the United States of America,http://vocab.getty.edu/tgn/7007708,http://www.wikidata.org/entity/Q824,
27,Regno Unito,Herefordshire,Herefordshire,Herefordshire,,,,unitary authorities,"A unitary authority and historic county of England. It extends from Welsh border in the west to industrial midlands in the east and has an area of 2180 sq km (842 sq mi). Under local government reorganization in 1974 it became part of Hereford and Worcester but in 1998 it was reinstated as independent.  The historic county includes three small areas outside the current unitary authority. One, just south of Ludlow, is in the South Shropshire district of the administrative county of Shropshire and the other two are in the Malvern Hills district of the administrative county of Worcestershire (one is the area between Leigh Sinton and Acton Green and other is the parish of Stoke Bliss). Conversely, the unitary authority includes three small areas that are part of the historic county of Worcestershire: the parishes of Edvin Loach and Acton Beauchamp and an area including West Malvern and Mathon. Herefordshire is predominantly agricultural and is known for its hop production (surpassed only by Kent), pear and apple orchards, and the famous Hereford breed of cattle. The chief river is the Wye and the administrative center is Hereford. There are several notable prehistoric sites here, including Sutton Walls, Croft Ambrey, Herefordshire Beacon, and Leintwardine. Ruined 12th-century Norman fortresses still stand at Wilton, Goodrich, and Pembridge. The Herefordshire school of Romanesque architecture is exemplified in Kilpeck's Church of St. Mary and St. David and the 13th-century Treago is a notable fortified mansion. Other notable architecture includes the Cistercian Abbey Dore and Hereford Cathedral. The county supported the Yorkist cause during the War of the Roses and was royalist during the Civil Wars of the 17th century.",,http://vocab.getty.edu/tgn/7008143,,
22,Italia,Molise,Molise,Molise,Molise,,Molise,regions,Located on Adriatic Sea; conquered by Romans in 4th cen. BCE; ruled by Lombard duchy 6th-11th cen.; part of Kingdom of Naples 1266-1860.,region in Italy,http://vocab.getty.edu/tgn/7003241,http://www.wikidata.org/entity/Q1443,
22,Regno Unito,Hampshire,Hampshire,Hampshire,,,,counties,"Part of Anglo-Saxon kingdom of Wessex in the 4th century; includes small Bronze Age farms, Iron Age hill forts, and Roman roads; county first mentioned in Anglo-Saxon Chronicle of 755; remained in episcopal see of Winchester 676-1927; besieged by Danes in the 9th and 11th centuries.",,http://vocab.getty.edu/tgn/7008139,,
22,Regno Unito,Warwickshire,Warwickshire,Warwickshire,,,,counties,"County in central England, in the Midlands; drained by River Avon and headwaters of River Cherwell; comprises coal measures, woodlands, and meadows; evidence of prehistoric and Roman occupation; Roman road, Watling Street still forms part of county border; mostly agricultural, especially dairying and fruit-growing; county lost its more industrial northwestern area, including Birmingham, Coventry, and Solihull, to the West Midlands under local government reorganization in 1974.",,http://vocab.getty.edu/tgn/7008178,,
22,Regno Unito,Yorkshire,Yorkshire,Yorkshire,,,,general regions,"Area in north-central England between the Pennines and the North Sea. Formerly a large county. The region is composed of four broad belts of land stretching from north to south: in the west the high Pennine moorlands dissected by the Yorkshire Dales; in the southeast the central lowlands (including the Vale of York) draining into the River Humber estuary; in the east the North York Moors and Yorkshire Wolds; and, farther southeast, the Holderness plain along the North Sea. Site of prehistoric remains, including earthworks at Stanwick; it was a Roman military stronghold 1st-5th centuries CE. Controlled by indigenous Britons, then part of the kingdom of Deira from the 6th-9th centuries. It was taken by Danes 875 and recaptured by kings of Wessex 954. The region remained strongly Anglo-Scandinavian in culture until the Normans took control in 1069. Important monasteries and estates were established. After the Black Death of the 14th century, most of Yorkshire's crop land became pasture for sheep and woolen manufacture became an important industry. It was the base for Yorkists during War of the Roses (1455-1485) and two of the most important battles were fought here (Wakefield and Towton, 1460 and 1461). The battle at Marston Moor in 1644 was one of the most crucial of the English Civil Wars. Architecture in Yorkshire includes pre-Norman churches; abbeys such as the ruined Rievaulx; castles such as Bolton; the Gothic York Minster; and notable country houses such as 18th-century Castle Howard.",historic county of England,http://vocab.getty.edu/tgn/7008171,http://www.wikidata.org/entity/Q163,
20,Francia,Corsica,Corse,Corsica,Corsica,Korsika,Corse,regions,"Region is largely coextensive with the island of the same name. Area is designated as a territorial collectivity (collectivité territoriale) by law, allowing it greater powers than other French administrative regions. However, Corse is referred to as a region in common speech and is almost always listed among them. ",,http://vocab.getty.edu/tgn/7594273,,
19,Regno Unito,Buckinghamshire,Buckinghamshire,Buckinghamshire,,,,counties,"Inhabited by Neolithic peoples, Romans and Saxons; part of kingdom of Mercia; many great estates were built here after clearance of woodlands in 17th century; furniture and printing began after WW II.",,http://vocab.getty.edu/tgn/7008104,,
19,Regno Unito,Surrey,Surrey,Surrey,,,,counties,"Comprises river valleys, chalk hills, and lowlands; sheep-raising center in Middle Ages, market and wool center in 16th century; from 1801 until WW II, area became dense with railways and suburban growth; after WW II, preservation of countryside was enforced.",county of England,http://vocab.getty.edu/tgn/7008175,http://www.wikidata.org/entity/Q23276,
18,Stati Uniti d'America,Kentucky,Kentucky,Kentucky,,,Kentucky,states,"Inhabited by early Mound Builders; was hunting ground for Shawnee, Cherokee and others when Europeans settled here in 18th cen.; infamous for bloody battles with Amerindians when pioneers moved through on way west; was divided by slavery during Civil War.",state of the United States of America,http://vocab.getty.edu/tgn/7007255,http://www.wikidata.org/entity/Q1603,
18,Svizzera,Cantone Ticino,Ticino,Ticino,Ticino,Kanton Tessin,Canton du Tessin,cantons,"Located in the Lepontine Alps; was part of Roman Transpadane Gaul; part of Lombardy until 15th century, when Swiss Confederation took area from Milan; ruled by Uri and Schwyz cantons until 1798.",canton of Switzerland,http://vocab.getty.edu/tgn/7004723,http://www.wikidata.org/entity/Q12724,
16,Regno Unito,Somerset,Somerset,Somerset,,,,counties,"Consists of a low-lying basin, bounded on the northeast by Mendip Hills and on the west by Quantock Hills; occupied by prehistoric peoples; Romans mined lead in area; formed part of Kingdom of Wessex in 7th century; distinctive ""Zummerzetaheer"" dialect is spoken in some areas.",,http://vocab.getty.edu/tgn/7012032,,
16,Stati Uniti d'America,Maine,Maine,Maine,Maine,,Maine,states,Red Paint people settled here as early as 9th mill. BCE; later Algonquians arrived; Norsemen possibly visited in 11th cen.; colonies established by French in 1604 and English in 1607; fought in Revolution & with Union; Canadian border disputed in 19th cen.,state of the United States of America,http://vocab.getty.edu/tgn/7007515,http://www.wikidata.org/entity/Q724,
15,Italia,Valle d'Aosta,Valle d'Aosta,Aosta Valley,Valle d'Aosta,Aostatal,Région Autonome Vallée d’Aoste,regions,Borders France and Switzerland; originally inhabited by Salassi people; was part of Roman Empire under Augustus; part of Savoy in 11th cen.; was historically important because 3 crucial routes through the Alps converge in this area.,Italian mountainous semi-autonomous region in the North-West,http://vocab.getty.edu/tgn/7003126,http://www.wikidata.org/entity/Q1222,
15,Regno Unito,Greater Manchester,"Manchester, City and Borough of","Manchester, City and Borough of",,,,counties,"Metropolitan county in northwestern England covering an area of 1287 sq km. It was created in 1974 from southeastern Lancashire and parts of northeastern Cheshire and southwestern Yorkshire. In 1986 administrative powers were devolved to the unitary authorities of Wigan, Bolton, Bury, Rochdale, Salford, Oldham, Manchester, Trafford, Stockport, and Tameside.",metropolitan county in North West England,http://vocab.getty.edu/tgn/7026570,http://www.wikidata.org/entity/Q23099,
15,Regno Unito,Staffordshire,Staffordshire,Staffordshire,,,,counties,"County of central England; lies across upper section of River Trent; comprises moorlands, S tip of Pennine Mountains and coal measures; historic remains include Neolithic burial mounds, Iron Age hill forts and traces of Roman roads; exports include pottery, glass, and shoes.",,http://vocab.getty.edu/tgn/7008174,,
13,Regno Unito,Cheshire,Cheshire,,,,,counties,"Ceremonial county in northwestern England. Geologically comprises fragmented areas of clay, sand and gravel, dotted with rivers and small lakes. Site of ancient hill forts on mid-Cheshire ridge during Bronze and Iron Ages; famous for cheese and well-preserved half-timbered houses.","ceremonial county in England, United Kingdom",http://vocab.getty.edu/tgn/7008114,http://www.wikidata.org/entity/Q23064,
13,Regno Unito,Perth and Kinross,Perth and Kinross,Perth and Kinross,,,,unitary authorities,,,http://vocab.getty.edu/tgn/7019152,,
13,Regno Unito,Shropshire,Shropshire,Shropshire,,,,counties,"Comprises river valleys, low ridges and plains; remains include several Late Neolithic and Early Bronze Age objects and a 1st-century Roman fortress; was long object of English-Welsh border disputes; large iron-producing area since Industrial Revolution; the world's first cast-iron bridge was built at Ironbridge in 1779; the area is now mainly agricultural. The rapidly developing area around Telford new town became an independent unitary authority (Telford and Wrekin) in 1998. ",,http://vocab.getty.edu/tgn/7012034,,
12,Francia,Bretagna,Bretagne,Brittany,Bretagna,Bretagne,Bretagne,historical regions,"Bretagne is a historic region originally occupied by Bretons, Celtic people who were refugees from Anglo-Saxon invasions of the island of Britain in the 5th and 6th centuries. It had coastline along the English Channel to the north and the Bay of Biscay to the southwest. It was established as a duchy in the 10th century that went unrecognized by France until 1213. It became a possession of the French crown in the 1490s and was incorporated into France into 1532. ",,http://vocab.getty.edu/tgn/7024267,,
12,Regno Unito,South Lanarkshire,South Lanarkshire,South Lanarkshire,,,,unitary authorities,,,http://vocab.getty.edu/tgn/7019090,,
10,Regno Unito,Devon,Devon,Devon,,,,counties,"Comprises rocky plateaus, moors and lush river valleys; remains include prehistoric caves, Iron Age hill forts and Roman stations; first shired in 8th century; Danish raids 851-1003; tin mining was important 12th-17th centuries; iron, lead and copper mined until 19th century.",ceremonial county of England,http://vocab.getty.edu/tgn/7012077,http://www.wikidata.org/entity/Q23156,
10,Regno Unito,Leicestershire,Leicestershire,Leicestershire,,,,counties,"Comprises scenic river valleys, rolling hills, and woods; some of the first canal and rail transport developments of Industrial Revolution took place here; industries include hoisery, Stilton cheese, footwear, and engineering; contains many fines country houses.",,http://vocab.getty.edu/tgn/7008155,,
10,Regno Unito,Northumberland,Northumberland,Northumberland,,,,counties,"County in the extreme NE of England with an area of 5031 sq km (1,943 sq miles); it is comprised of coastal plains, rugged hills, and moors. It was ruled by Romans from 122 until Saxons came into power in the 6th century. In Anglo-Saxon times the territory of the kingdom and tribe of the Northymbre (meaning ""those living north of the River Humber"") was much larger than the present county. Northumberland is the site of long time Scottish-English border disputes. Coal, glass, iron and shipbuilding center since the 19th century but these industries have declined and the county's economy now depends on tourism and light industry. Northumberland is divided into six districts; Morpeth is the county town.",,http://vocab.getty.edu/tgn/7008165,,
10,Stati Uniti d'America,New Hampshire,New Hampshire,New Hampshire,New Hampshire,New Hampshire,New Hampshire,states,Region was explored by French and English in early 17th cen.; was included in land grant to John Mason in 1629; had long boundary feud with Massachusetts and New York; fought in Revolution and was strongly pro-Union.,state of the United States of America,http://vocab.getty.edu/tgn/7007564,http://www.wikidata.org/entity/Q759,
10,Stati Uniti d'America,Utah,Utah,Utah,,,Utah,states,"Inhabited by 10,000 BCE; Anasazi culture arrived from SW ca. 400 CE; Shoshoni (including Southern Paiute, Gosiute & Ute) lived here when Spanish arrived 16th-18th cen.; European-Americans arrived in 19th cen.; went USA in 1848 after the Mexican War.",state of the United States of America,http://vocab.getty.edu/tgn/7007827,http://www.wikidata.org/entity/Q829,
9,Germania,Baden-Württemberg,Baden-Württemberg,Baden-Württemberg,,Baden-Württemberg,Bade-Wurtemberg,states,"Baden-Württemberg is a state in southwestern Germany, bordered by Switzerland in the south, France to the west, the state of Bavaria on the east, Rhineland-Palatinate on the northeast, and Hesse to the north. It measures some 13,804 square miles in area. Most of its people are Alemanni, relatives of the French Alsatians, plus Franconians, Palatinate people, and Swabians. Before the Romans occupied it, the main European trading artery was the River Rhein which runs through Baden-Württemberg. It also had immense hardwood forests, now largely cut. To the south are the Alps. The state was formed in the post-World War II occupational period from three former states in the American and French zones; this arrangement was ratified by a referendum in 1951 and made official in 1952. Its capital is Stuttgart. The 2004 estimated population was 10,721,600.",state in the southwest of the Federal Republic of Germany,http://vocab.getty.edu/tgn/7003692,http://www.wikidata.org/entity/Q985,
8,Australia,Nuovo Galles del Sud,New South Wales,New South Wales,,,Nouvelle-Galles du Sud,states,Sighted by British Cook 1770; first European settlement on continent at Botany Bay 1788 (penal colony); name referred to entire continent except W Australia until mid-19th cen.; consolidated into Commonwealth of Australia 1901; principal city is Sydney.,state of Australia,http://vocab.getty.edu/tgn/7001828,http://www.wikidata.org/entity/Q3224,
8,Germania,Rhineland Palatinate,Rheinland-Pfalz,Rhineland Palatinate,,Rheinland-Pfalz,,states,"The state of Rhineland-Palatinate, lying in southwestern Germany, is the ninth largest in the nation, measuring some 7664 square miles. It is bordered by Belgium, Luxembourg, and France to the south and west, and by the German states of North Rhine-Westphalia to the north, Saarland to the southwest, and Hesse and Baden-Württemberg to the east. Its territory has historically been fought over and partitioned among foreign powers. The modern state was created after World War II. Formerly a primarily agricultural state, it now relies mainly on industry and commerce. Its capital city is Mainz. The official census gave the 2005 population as 4,076,208.",federal state of Germany,http://vocab.getty.edu/tgn/7003682,http://www.wikidata.org/entity/Q1200,
8,Regno Unito,Norfolk,Norfolk,Norfolk,,,,counties,"Low-lying area crossed by rivers Yare, Wensum, and Bure; noted for Paleolithic, Mesolithic, and Neolithic remains; occupied by British Inceni people in the 3rd century; was wealthy and densely populated in the 11th century; economy based on food-processing, fishing, and shoes.","county in East Anglia, England, UK",http://vocab.getty.edu/tgn/7008160,http://www.wikidata.org/entity/Q23109,
8,Spagna,Catalogna,Cataluña,Catalonia,La Catalogna,Katalonien,Catalogne,autonomous communities,"Situated in a triangular section of northeastern Spain, Cataluña is historically and in modern times an autonomous region of Span. One of the first Roman possessions in Spain, it was occupied by Goths in the 5th century, captured by the Moors in 712, and taken over by Charlemagne in the late 8th century. It united with Aragón under the same king in 1137. It was independent from Spain from 1640 to 1653. Its autonomy was prohibited by royal decree in 1716. A separatist movement revived in the 19th century. Today it is the most highly industrialized autonomous community of Spain. Most Catalan towns are along the Mediterranean shoreline and coastal plains. Inland agricultural products include traditional wine, almonds, grapes, olive oil for export, and, more recently, fruits and vegetables.",autonomous community and nationality of Spain,http://vocab.getty.edu/tgn/7030216,http://www.wikidata.org/entity/Q5705,
7,Irlanda,County Monaghan,Monaghan,County Monaghan,,,,counties,"County Monaghan of the province of Ulster in the northern Republic of Ireland consists of lowlands and numerous lake and ponds, measuring some 498 square miles and peppered by drumlins, long oval mounds that occur between lakes. It was a part of the ancient kingdom of Oriel, founded in 330 CE and lasting until the Anglo-Norman invasion of 1171. Monaghan itself remained under the rule of the MacMahon clan, who avoided Anglo-Norman invasion, until the late 16th century, when the English crown took possession. Almost three-quarters of the population live on small farms that produce hay, potatoes, and oats and pasture cattle. Economic activities include dairying, retail marketing, and the manufacture of footwear, textiles, cured bacon, and furniture. The 2003 estimated population was 53,000. ",,http://vocab.getty.edu/tgn/7003503,,
7,Regno Unito,Dorset,Dorset,Dorset,,,,counties,Settled by Neolithic peoples from France 2000 BCE; evidence of Beaker people 1800 BCE and Romans until 5th century; formed core of Saxon kingdom of Wessex ca. 495 and called Wessex in Thomas Hardy novels; site of Tolpuddle martyrs cry for organized labor in the 19th century.,"ceremonial county in South West England, UK",http://vocab.getty.edu/tgn/7011961,http://www.wikidata.org/entity/Q23159,
7,Regno Unito,East Sussex,East Sussex,East Sussex,,,,counties,"Comprises chalk hills, ragged coastline, and marshes; area contained Neolithic camps, an Iron Age hill fort, and Norman castles; was source of grain and iron ore to Romans; iron industry thrived in Middle Ages; seaside resorts became important in the 18th century.",,http://vocab.getty.edu/tgn/7008129,,
7,Regno Unito,North Yorkshire,North Yorkshire,North Yorkshire,,,,counties,"County created in 1974 from most of the North Riding and parts of the West and East Ridings of Yorkshire; it is currently divided into eight districts. Langbaurgh, Middlesbrough, Stockton-on-Tees, and the city of York became independent unitary authorities in 1996. Comprises two upland plains and deep valleys; inhabited by prehistoric people; Romans ruled area; was possibly the Romano-British kingdom of Elmet before the 7th century; noted for numerous castles; economy based on farming, livestock, and food-processing; administrative center is Northallerton.","ceremonial county in England, UK",http://vocab.getty.edu/tgn/7008166,http://www.wikidata.org/entity/Q23086,
7,Spagna,Castiglia,Castilla-La Mancha,Castile-La Mancha,Castiglia-La Mancia,Südkastilien,Castille-La-Manche,autonomous communities,"Forested & agricultural area that produces wheat, grapes, sunflower, saffron, sumac, cotton, olives, sheep, pigs & goats; population has recently declined due to emigration to Madrid.",autonomous community of Spain,http://vocab.getty.edu/tgn/1001647,http://www.wikidata.org/entity/Q5748,
6,Regno Unito,Essex,Essex,Essex,,,,counties,"Comprises flat coasts, tidal inlets and islands; inhabited by prehistoric peoples, Romans by 1st century, Saxons by 5th century and by Danes after Battle of Maldon in 991; economy based on light industry, livestock, produce, and tourism in Southend and Tendring.",ceremonial county in England (use Q21272241 for administrative non-metropolitan county),http://vocab.getty.edu/tgn/7008131,http://www.wikidata.org/entity/Q23240,
6,Regno Unito,Nottinghamshire,Nottinghamshire,Nottinghamshire,,,,counties,"County in the East Midlands of England, on the east slope of the Pennine Mountains. Sherwood Forest, haunt of legendary Robin Hood, is located north of Nottingham city. Farmland and dairies in Vales of Trent and Belvoir are famous for Stilton cheese; coal measures and small mining towns characterize the west. The main industrial town is Nottingham, an independent unitary authority since 1998.",ceremonial county of England,http://vocab.getty.edu/tgn/7008167,http://www.wikidata.org/entity/Q23092,
6,Regno Unito,Tyne,Tyne and Wear,,,,,counties,"Metropolitan county created in 1974 in northeastern England; the county council was abolished in 1986 and administrative powers passed to the unitary authorities of Newcastle upon Tyne, North Tyneside, Gateshead, South Tyneside, and Sunderland; it is bounded by Northumberland to the north and west, Durham to the south, and the North Sea to the east; named for two bisecting rivers; noted for Hadrian's Wall (122 CE) and Norman fort (1080); coalfields exploited since the 13th century.",county in England,http://vocab.getty.edu/tgn/7012033,http://www.wikidata.org/entity/Q23080,
6,Regno Unito,Ulster,Northern Ireland,Northern Ireland,Irlanda del Nord,Nordirland,Irlande du Nord,countries,"Currently a consituent unit of the United Kingdom, Northern Ireland comprises the northeastern part of Ireland island, the core of the historic province of Ulster. It was ruled by the O'Neills of Tyrone in the 16th century. When the rest of Ireland demanded home rule in the late 19th century, the Protestant majority in Northern Ireland remained loyal to United Kingdom. ",part of the United Kingdom situated on the island of Ireland,http://vocab.getty.edu/tgn/7002448,http://www.wikidata.org/entity/Q26,
6,Regno Unito,West Sussex,West Sussex,West Sussex,,,,counties,"Comprises chalk hills and fertile coastal plains; early inhabitants left Bronze Age burial mounds and Iron Age hill forts; was inhabited by Romans, then Saxons in the late 5th century; noted for seaside resorts since the 14th century; is characterized by small villages.",,http://vocab.getty.edu/tgn/7008134,,
6,Regno Unito,West Yorkshire,West Yorkshire,West Yorkshire,,,,counties,"Metropolitan county in northeastern England with an area of 787 sq mi (2039 sq km), created in 1974 from the western part of the West Riding of Yorkshire. In 1986 the county council was abolished and administrative power devolved to the new unitary authorities of Bradford, Leeds, Calderdale, Kirklees, and Wakefield. Coalmining was formerly important but has declined. West Yorkshire remains the center of the English wool textile industry. Comprises deep valleys and woodlands; Pennine uplands occupied by Anglo-Saxons and Scandinavians; seat of baronial power in Middle Ages and battles during War of Roses (1455-1485); steam power, mining, and waterpower stimulated growth during Industrial Revolution.",,http://vocab.getty.edu/tgn/7029507,,
6,Slovenia,Gorenjska,Upper Carniola,Upper Carniola,,,,general regions,,,http://vocab.getty.edu/tgn/8727183,,
6,Stati Uniti d'America,Arkansas,Arkansas,Arkansas,Arkansas,Arkansas,Arkansas,states,"Area was home to Bluff Dwellers by 500 BCE, later to Mound Builders; Caddo, Quapaw, and others lived here when European fur traders arrived in 17th century; in Louisiana Purchase of 1803; was slave state, but only reluctantly joined Confederacy in Civil War.",state of the United States of America,http://vocab.getty.edu/tgn/7016172,http://www.wikidata.org/entity/Q1612,
5,Regno Unito,New York,New York,New York,,,,inhabited places,,,http://vocab.getty.edu/tgn/7458297,,
4,Regno Unito,Middlesex,Middlesex,Middlesex,,,,former administrative divisions,"Ancient former county in southeastern England centered around River Thames. It was bounded by the Thames to the south and by its tributaries the Lea to the east and the Colne to the west; to the north was Hertfordshire. In 1965 it was divided between Hertfordshire, Surrey, and Greater London, with most being incorporated into Greater London. The area was inhabited by traders and settlers since Iron Age ca. 500 BCE, Saxons and Romans; population has been declining since late 19th century.",,http://vocab.getty.edu/tgn/7012288,,
4,Regno Unito,Suffolk,Belfast,Belfast,,,,former administrative divisions,,,http://vocab.getty.edu/tgn/7019168,,
4,Regno Unito,Worcestershire,Worcestershire,Worcestershire,,,,counties,"A county in west-central England; it was incorporated with Hereford from 1974 until 1998; it is now a separate county again. The county lies in the English Midlands to the south of Birmingham, lying mostly in the basin of the Severn. Much of the area is fertile ground with wheat being an important crop; cattle breeding and fruit growing are also important. Industries include engineering, chemicals, and food processing.",,http://vocab.getty.edu/tgn/5000227,,
4,Stati Uniti d'America,Iowa,Iowa,Iowa,Iowa,Iowa,Iowa,states,"Inhabited by prehistoric Mound Builders; Iowa, Sac, Fox, Sioux and others were here when French arrived in 17th cen.; part of Louisiana Purchase of 1803; settlers displaced Amerindians by mid-19th cen.; fought for Union & aided escaping slaves in Civil War.",state of the United States of America,http://vocab.getty.edu/tgn/7007253,http://www.wikidata.org/entity/Q1546,
4,Stati Uniti d'America,Vermont,Vermont,Vermont,Vermont,Vermont,Vermont,states,"Originally inhabited by Amerindian hunters; settled by French in 17th cen., by Dutch in 1724, by British after 1763; fought for independence from New Hampshire & New York, then in Revolution; saw only Confederate attack N of Pennsylvania in Civil War.",state of the United States of America,http://vocab.getty.edu/tgn/7007828,http://www.wikidata.org/entity/Q16551,
3,Canada,Ontario,Ontario,Ontario,,,Province d’Ontario,provinces,"Canada's 2nd largest province; originally inhabited by Huron, Erie, and Petun Indians; ceded by France to Great Britain 1763; nation's most important mining province; produces around half of world's nickel; also contains copper, iron ore, gold and zinc.",province of Canada,http://vocab.getty.edu/tgn/7013154,http://www.wikidata.org/entity/Q1904,
3,Germania,Assia,Hessen,Hesse,Assia,Hessen,Hesse,states,"The state of Hessen occupies 8,152 square miles in north-central Germany. Its territory forms the core of the medieval margraviate of Hessen, and extends west to east from the Rhine Plateau to the Thuringian Forest. The original landmargraviate of Hesse was founded from a portion of Thuringia. Its ruler, Henry I, came to hold the rank of prince in the Holy Roman Empire in 1292. Under Philip the Magnanimous, Hesse was twice partitioned and reunited, finally to be divided into four sections, one for each of his sons. In 1945 the modern state was created from the Hesse territories and part of Nassau. The capital is Wiesbaden and its largest city is Frankfurt am Main. The state is known for its educational institutions, and for the ruined castles and old churches along the Weser River, and the many half-timbered houses scattered throughout. The economy features agriculture on small or large scales, and a great deal of manufacturing, primarily in the south. The 2004 estimated population was 6,105,200",state in the center of Germany,http://vocab.getty.edu/tgn/7003678,http://www.wikidata.org/entity/Q1199,
3,Regno Unito,Bedfordshire,Bedfordshire,Bedfordshire,,,,counties,"Comprises valley of River Great Ouse; occupied by Beaker peoples early Bronze Age (ca. 1800 BCE), Romans ca. 1st century, Anglo-Saxons and Danes 5th-6th centuries; boundries almost unchanged since 11th century; contains London's overflow airports and auto plants.",,http://vocab.getty.edu/tgn/7008103,,
3,Regno Unito,Cumbria,Cumbria,Cumbria,,,,counties,"Extends along Irish Sea coast from Morecombe Bay to Solway Firth and includes famous Lake District; area occupied since Neolithic times; north part of area alternated between English and Scottish rule until 1157; economy based on fishing, farming, and livestock.",,http://vocab.getty.edu/tgn/7008117,,
3,Regno Unito,North Wales,North Wales,,,,,general regions,,,http://vocab.getty.edu/tgn/8712688,,
3,Slovenia,Istria,Istra,,,,,general regions,"Stretches into Adriatic sea; originally inhabited by Illyrian tribes, then ruled by Rome from 177 BCE; under Byzantine rule, then Venetian (11th century).",,http://vocab.getty.edu/tgn/7009395,,
2,Canada,New Brunswick,New Brunswick,Province of New Brunswick,Nuovo Brunswick,,Province de Nouveau-Brunswick,provinces,"Largely forested area bordering Quebec and Maine, noted for pine, maple, birch, spruce, fir and tamarack trees; province also supports fishing and mining.",province of Canada,http://vocab.getty.edu/tgn/7005799,http://www.wikidata.org/entity/Q1965,
2,Francia,Marche,Marche,,,,,general regions,Held by Lusignan family in 13th century; taken by dukes of Bourbon; confiscated by Francis I.,,http://vocab.getty.edu/tgn/7005155,,
2,Germania,Nord Reno-Westfalia,Nordrhein-Westfalen,North Rhine-Westphalia,Renania Settentrionale-Vestfalia,Nordrhein-Westfalen,Rhénanie du Nord-Westphalie,states,"The state of North Rhine-Westphalia is located in west central Germany. It lies bordered by Belgium and the Netherlands to the west, Hesse to the east, Lower Saxony to the north, and Rhineland-Palatinate to the south.  It was formed after World War II of an amalgamation of Prussian Westfalen, the Northeim province of Prussia, and the state of Lippe. The area suffered extensive damage during World War II. The state has since grown and developed into Germany's industrial heartland, including the Saarland region, and contains one-fifth of its total population, 18,100,000 by a 2004 estimate.  ",state in Germany,http://vocab.getty.edu/tgn/7003677,http://www.wikidata.org/entity/Q1198,
2,Grecia,Repubblica monastica del Monte Athos,Áthos,Mount Athos,,,,religious centers,"Site is a mountain forming eastern end of the Acte peninsula; it has been occupied by Greek monastic communities of St. Basil since 9th century CE; noted as the ""Holy Mountain"" of the Greek church; declared itself a theocratic republic in 1927.",,http://vocab.getty.edu/tgn/7002722,,
2,Irlanda,County Mayo,Mayo,County Mayo,,,,counties,"County Mayo in the province of Connacht in western Ireland is some 2,084 square miles in area. It has a long and rocky Atlantic coastline with many inlets and small islands. It contains the largest bog in Ireland, around 200 square miles. It was the focus of property battles between the Gaelic inhabitants and English invaders from the 12th to the 17th century. The county boasts many Neolithic remains, and was the site of the early ministry of the Christian St. Patrick. Ballintober Abbey, founded in 1216, is still in use as a church and monastic ruins are widespread.  Captured during the French Revolution, it remained under French control until 1798. To the west and north, the small farms raise mainly cattle, sheep, and pigs. Industries include clothing and woolens manufacture, flour milling, bacon, and toy manufacture. Tourism has grown considerably since the 20th century. The 2003 estimated population was 118,400.",,http://vocab.getty.edu/tgn/7003481,,
2,Portogallo,Região de Lisboa,Lisboa,Lisbon,Distretto di Lisbona,Distrikt Lissabon,District de Lisbonne,national districts,"Agricultural, mining & fishing region of W central Portugal, bordering Tagus river estuary & Atlantic Ocean; district contains iron deposits; was severely damaged by flood in November, 1967.",district of Portugal,http://vocab.getty.edu/tgn/1000882,http://www.wikidata.org/entity/Q207199,
2,Regno Unito,Berwickshire,Berwick,Berwick,,,,general regions,,,http://vocab.getty.edu/tgn/5000437,,
2,Regno Unito,Cornwall,Cornwall,Cornwall,,,,counties,"Most remote of country's counties, it remained Celtic and Cornish language was spoken until late 19th century; inhabited since prehistoric times and important for tin, clay, and granite; an earldom under William the Conqueror 1066; it is the oldest duchy in England, created by Edward III in 1337 for his eldest son, Edward the Black Prince.",,http://vocab.getty.edu/tgn/7008116,,
2,Regno Unito,Isle of Wight,Isle of Wight,Isle of Wight,,,,unitary authorities,"Island located in English Channel off south coast of Hampshire, separated from mainland by The Solent; annexed to Rome under Vespasian in 43 CE, to Wessex under the Saxons 661 and under Danish control 998; Queen Victoria died here at Osbourne House 1901.","island, county and unitary authority area of England, United Kingdom",http://vocab.getty.edu/tgn/7011430,http://www.wikidata.org/entity/Q9679,
2,Regno Unito,Jersey,Jersey,Jersey,Jersey,Jersey,Jersey,dependent states,"Comprises Jersey island and several smaller islands; inhabited in Paleolithic times, and had Neolithic and Bronze Age settlements; ruled by diocese of Coutances in the 11th century, by Norman landowners in the 12th century; became politically separate from Normandy in 1204; official language is French, though English and a Norman-French patois are also spoken.",British Crown dependency in the Channel Islands,http://vocab.getty.edu/tgn/7005238,http://www.wikidata.org/entity/Q785,
2,Regno Unito,Westmorland,Westmorland,Westmorland,,,,divisions,,,http://vocab.getty.edu/tgn/7444129,,
2,Stati Uniti d'America,Nevada,Nevada,Nevada,,,Nevada,states,"Inhabited by 18,000 BCE; later Basket Makers and Pueblo Indians flourished; Mohave, Paiute, Shoshoni, Washoe & others were here when Spanish came in 18th cen.; European-Americans arrived in 19th cen.; went to USA after Mexican War in 1848; was pro-Union.",state of the United States of America,http://vocab.getty.edu/tgn/7007526,http://www.wikidata.org/entity/Q1227,
1,Australia,Australia Meridionale,South Australia,South Australia,,Südaustralien,Australie-Méridionale,states,"First European sighting 1627 (Thyssen); British province 1836; included with N Territory 1863-1901; vote given to women 1894; agricultural & mining region producing grains, fruit, wine, iron ore, limestone, opal; capital & main city is Adelaide.",state of Australia,http://vocab.getty.edu/tgn/7001831,http://www.wikidata.org/entity/Q35715,
1,Australia,Australia Occidentale,Western Australia,Western Australia,,West-Australien,Australie-Occidentale,states,First sighted by Europeans 1616 (Hartog); wide climatic variation including deserts and semi-tropical areas; agricultural & mining region; site of US naval communications center; chief cities are Perth and Fremantle.,state of Australia,http://vocab.getty.edu/tgn/7001834,http://www.wikidata.org/entity/Q3206,
1,Austria,Alta Austria,Oberösterreich,Upper Austria,Alta Austria,Oberösterreich,Haute-Autriche,states,,federal state in the North of Austria,http://vocab.getty.edu/tgn/7003026,http://www.wikidata.org/entity/Q41967,
1,Canada,Quebec,Québec,Quebec,,,Province du Québec,provinces,"Originally inhabited by Algonkin, Montagnais and Cree Indians; Eskimos later settled in Hudson Bay area; region declared for France by Jacques Cartier who landed at Gaspé 1534; settlement of colony of New France commenced at present Québec City 1608.",,http://vocab.getty.edu/tgn/7005804,,
1,"Ceca, Rep.",Boemia,Středočeský Kraj,Středočeský,Boemia centrale,Mittelböhmische Region,Bohême centrale,regions,"Středočeský is a rich agricultural region in the north-central Czech Republic. The northern part of the region consists of lowlands, drained by the Moldau and Elbe rivers, while the southern portion is highlands, the whole measuring some 4245 square miles. Agricultural products include apples, plums, pears, cherries, walnuts, oats, rye, potatoes, flax, grapes, hogs, cattle, and poultry. Vast forests support lumber and papermaking industries. Most heavy industry is found in the north, and includes sugar refining, oil refining, steel milling, and electronics, textile, and processed food manufacturing. Both wine and beer are produced. The regional capital and cultural center is the city of Prague, also the national capital. The region's 2003 estimated population was 1,129,300.",,http://vocab.getty.edu/tgn/1003530,,
1,Germania,Brandeburgo,Brandenburg,Brandenburg,Brandeburgo,Brandenburg,Brandebourg,states,"The German state of Brandenburg is the remaining core of the historic European  region of Brandenburg. It was created in 1990 when East and West Germany were united, and occupies the east-central and eastern areas of the former East Germany. Its capital is Potsdam. The state and city of Berlin lie in the center of Brandenburg but is a separate administrative entity. Geographically, most of the state consists of a sandy plain with occasional fertile areas and fir and pine woodlands. It measures some 11,219 square miles, and is watered by the Elbe and Oder Rivers, their tributaries, and about 600 lakes. Agriculture is a major economic activity, with cereals, potatoes, wheat, dairying, beef, and fruits and vegetables being important crops. Potsdam, Cottbus, the city of Brandenburg, and Frankfurt an der Oder are its principal cities. Its primary industries are steelmaking, the manufacture of textiles, and engineering. Its population is of relatively low density, the 2004 estimation being 257,100.",state in North-East of Germany,http://vocab.getty.edu/tgn/7000096,http://www.wikidata.org/entity/Q1208,
1,Irlanda,Connacht,Connacht,,,,Connacht,provinces,"The province of Connacht is one of the five ancient kingdoms of Ireland, lying in the western and northwestern areas of the modern republic. The mid-course of the River Shannon is its eastern border. It is the poorest part of the Irish republic and comprises the modern counties of Mayo, Sligo, Leitrim, Galway, and Roscommon. Ruled by its own kings until 4th century, it came under the midland Tara dynasty from the 5th to the 12th century, when Henry III of England gave the province to Richard de Burgh of Normandy, whose house ruled from 1227 to 1461, when p [possession reverted to the English Crown. Connacht was divided into shires in 1576. From the 16th century, Roman Catholics of Connacht and County Clare were the only ones in Ireland allowed to retain possession of most of the land, a factor that led them to remain loyal to England during the Tyrone uprising of 1595-1603. They remained the most purely Gaelic and Norman populations of Ireland.",,http://vocab.getty.edu/tgn/7001198,,
1,Irlanda,Tipperary,Tipperary,County Tipperary,,,,former administrative divisions,"County Tipperary in the southwest province of Munster in Ireland measures some 1643 square miles in area, consisting of an area of mixed lowlands and highlands, with some mountainous areas, between the Suir and the Shannon Rivers. Before the Anglo-Norman invasion of the 12th century, it was the ancient kingdom of Thomond. Prince John, regent of England, divided the county into north and south counties that were given to different Anglo-Norman nobles who established their ruling families. In 1328, Edward III made Tipperary a county palatinate, a status taken from it in 1715. The 21st century county is divided into north and south ridings, each with its own council and principal town. Farming and the processing of agricultural products are the major economic activities, notably of beef and dairy products. The 2003 estimated population was 141,300. Later, divided into North and South counties.",,http://vocab.getty.edu/tgn/7030127,,
1,Irlanda,Wexford,Wexford,County Wexford,,,,counties,Consists of lowlands & glacial moraines; once inhabited by Danes; Anglo-Normans landed in 1169; dominated by MacMurrough Kavanagh family in 16th cen.; occupied by Cromwell's forces in 1649; cattle & crops are exported though Dublin & Wexford.,,http://vocab.getty.edu/tgn/7003494,,
1,Portogallo,Azzorre,Açores,Azores,Azzorre,Azoren,Açores,autonomous regions,Island group located 800 miles off coast of Portugal; constitutes an autonomous region of Portugal; is divided into 3 administrative districts.,Atlantic Ocean archipelago and autonomous region of Portugal,http://vocab.getty.edu/tgn/7003833,http://www.wikidata.org/entity/Q25263,
1,Regno Unito,Aberdeenshire,Aberdeenshire,Aberdeenshire,,,,unitary authorities,,,http://vocab.getty.edu/tgn/5000432,,
1,Regno Unito,Ayrshire,South Ayrshire,South Ayrshire,,,,unitary authorities,,,http://vocab.getty.edu/tgn/7019085,,
1,Regno Unito,Dumfries and Galloway,Dumfries and Galloway,Dumfries and Galloway,,,,unitary authorities,"Consists of former counties of Dumfries, Kirkcudbright, and Wigtown.",,http://vocab.getty.edu/tgn/7008074,,
1,Regno Unito,Galles,Wales,Wales,Galles,Wales,Pays de Galles,countries,Originally inhabited by Celts; not subdued by Rome; was stronghold for Britons & Celts against invading Anglo-Saxons in 5th cen. CE; repulsed Danish invasions 9th cen.; saw conflict with England from 11th cen. until Edward I of England gained control.,"country in north-west Europe, part of the United Kingdom",http://vocab.getty.edu/tgn/7002443,http://www.wikidata.org/entity/Q25,
1,Regno Unito,Huntingdonshire,Huntingdonshire,,,,,former administrative divisions,Henry II turned the entire county into a private hunting preserve in the 12th cen. Formerly was a small county in east-central England until 1965 when it became a district in the county of Huntingdon & Peterborough until 1974; now the area is part of Cambridgeshire.,,http://vocab.getty.edu/tgn/7027266,,
1,Regno Unito,Monmouthshire,Monmouthshire,County of Monmouthshire,,,,unitary authorities,,,http://vocab.getty.edu/tgn/5000560,,
1,Slovacchia,Kosice,Košický,,,,Région de Košice,regions,,,http://vocab.getty.edu/tgn/7027133,,
1,Spagna,Andalusia,Andalucía,Andalusia,Andalusia,Andalusien,Andalousie,autonomous communities,"Andalucía, the autonomous community embodies eight provinces and faces the Atlantic Ocean and Mediterranean Sea. It supports two distinctive marine zones and its topography is divided by mountains into several areas. It contains a heterogeneous population which represents cultures from Europe, Africa, the Atlantic, and the Mediterranean. Large estates dominate Andalusian agriculture producing wheat, grapes, and olives by dry farming. See also the historic region of Andalucía.",autonomous community of Spain,http://vocab.getty.edu/tgn/7002758,http://www.wikidata.org/entity/Q5783,
1,Spagna,Aragona,Aragón,Aragon,Aragona,Aragonien,Aragon,autonomous communities,"Aragón, the autonomous community, is situated in northern Spain with France as its northern bordering country. It is drained by the Ebro river basin and crossed by Pyrenees mountains and pre-Pyrenees foothills. The industrial sector is located in greater Zaragoza producing agricultural products including wheat, olives, and grapes. See also the historic region of Aragón.",,http://vocab.getty.edu/tgn/7002759,,
1,Svizzera,Cantone Sciaffusa,Schaffhausen,Schaffhausen,Sciaffusa,Kanton Schaffhausen,Canton de Schaffhouse,cantons,"Small, northerly canton, virtually surrounded by Germany; dominated by plateau of Randen; comprises land acquired by city of Schaffhausen; economic activities include vine cultivation, forestry, aluminum processing and engineering works.",canton of Switzerland,http://vocab.getty.edu/tgn/7003756,http://www.wikidata.org/entity/Q12697,
1,Svizzera,Vaud,Vaud,Vaud,Canton Vaud,Kanton Waadt,Canton de Vaud,cantons,"Area has been inhabited since prehistoric times; was home to Helvetii, who were conquered by Julius Caesar; was part of Transjurane Burgandy from 888 to 1032; passed in 1536 to Bernese, who forcibly imposed the Reformation.",canton of Switzerland,http://vocab.getty.edu/tgn/7003763,http://www.wikidata.org/entity/Q12771,