count,value,sources,authority_id,exactMatch,broadMatch,narrowMatch,closeMatch,relatedMatch
2777,2-figurig,"hertziana,khi,marburg",01200045,,,,,http://vocab.getty.edu/aat/300449117
2691,Lünette,"hertziana,khi",48086500,http://vocab.getty.edu/aat/300003034,,,,
2273,oval,"hertziana,khi",48111400,http://vocab.getty.edu/aat/300263817,,,,
1358,rund,"hertziana,khi",48106600,,,,,http://vocab.getty.edu/aat/300121969
1022,Tondo,"hertziana,khi",48099000,http://vocab.getty.edu/aat/300033622,,,,
916,3-figurig,"hertziana,khi,marburg",01200046,,,,,http://vocab.getty.edu/aat/300449118
860,Nischenfigur,"hertziana,khi",47989100,,http://vocab.getty.edu/aat/300047600;http://vocab.getty.edu/aat/300002704,,,
849,Flachrelief,"hertziana,khi",48003100,http://vocab.getty.edu/aat/300184633,,,,
795,abgerundet (oben),"hertziana,khi,marburg",,,,,,
778,Wandgrab,"hertziana,khi",47947800,,http://vocab.getty.edu/aat/300005926,,,
771,Hochrelief,"hertziana,khi",48002700,http://vocab.getty.edu/aat/300184782,,,,
746,Codex,"hertziana,khi",47937000,http://vocab.getty.edu/aat/300224200,,,,
739,Polyptychon,"hertziana,khi",47997800,http://vocab.getty.edu/aat/300178235,,,,
701,Hochformat,"hertziana,marburg",01200008,http://vocab.getty.edu/aat/300343370,,,,
686,Triptychon,"hertziana,khi",47997400,http://vocab.getty.edu/aat/300178234,,,,
686,rechteckig,"hertziana,khi,marburg",48107400,,,,,http://vocab.getty.edu/aat/300263831
639,basilikal,"hertziana,khi,marburg",48089900,http://vocab.getty.edu/aat/300263215,,,,
615,spitzbogig,"hertziana,khi,marburg",48100800,,,,,http://vocab.getty.edu/aat/300001072
550,rundbogig,"hertziana,khi",48105000,,,,,http://vocab.getty.edu/aat/300001062
507,achteckig,"hertziana,khi,marburg",48137000,http://vocab.getty.edu/aat/300263824,,,,
500,Querformat,"hertziana,khi,marburg",01200022,http://vocab.getty.edu/aat/300311843,,,,
455,dreischiffig,"hertziana,khi",48088900,,,,,http://vocab.getty.edu/aat/300004627
417,gerahmt,"hertziana,khi",48126000,,,,,http://vocab.getty.edu/aat/300240903
399,einschiffig,"hertziana,khi",48088100,,,,,http://vocab.getty.edu/aat/300004627
305,4-figurig,"hertziana,khi,marburg",01200047,,,,,http://vocab.getty.edu/aat/300449119
277,zwickelförmig,"hertziana,khi",48092000,,,,,http://vocab.getty.edu/aat/300002665
243,Medaillon,"hertziana,khi",,,,,,
212,vierpassförmig,"hertziana,khi",48096400,,,,,http://vocab.getty.edu/aat/300009784
208,Zentralbau,"hertziana,khi",48082700,,,,http://vocab.getty.edu/aat/300121975,
193,kreuzförmig,"hertziana,khi",48114000,,,,,http://vocab.getty.edu/aat/300010044
188,Saalkirche,"hertziana,khi",48057700,,http://vocab.getty.edu/aat/300007473,,,
186,halbseitig,"hertziana,khi,marburg",,,,,,
155,giebelförmig,"hertziana,khi",48119400,,,,,http://vocab.getty.edu/aat/300002296
155,spitzgiebelig,"hertziana,khi",48100600,,,,,
141,sechseckig,"hertziana,khi",48103000,,,,,
137,Ädikulaaltar,"hertziana,khi",48007900,,http://vocab.getty.edu/aat/300003725,,,
137,oval im Rechteck,"hertziana,khi",48110800,,http://vocab.getty.edu/aat/300263817,,,
129,queroval,"hertziana,khi",48108400,,,,,http://vocab.getty.edu/aat/300263817
126,Diptychon,"hertziana,khi",47993700,http://vocab.getty.edu/aat/300178228,,,,
118,zweitürig,marburg,,,,,,
116,abgerundet,"hertziana,khi",48137600,,,,,
113,Flügelaltar,"hertziana,khi,marburg",47999000,,http://vocab.getty.edu/aat/300075940,,,
102,5-figurig,"hertziana,khi,marburg",01200048,,,,,http://vocab.getty.edu/aat/300449120
97,dreieckig,"hertziana,khi",48131800,,,,,http://vocab.getty.edu/aat/300263833
91,trapezförmig,"hertziana,khi",48098600,,,,,http://vocab.getty.edu/aat/300263835
90,quadratisch,"hertziana,khi",48108600,,,,,http://vocab.getty.edu/aat/300263832
89,rund im Quadrat,"hertziana,khi",48105800,,,,,
88,italienischer Garten,"hertziana,khi",48071100,,http://vocab.getty.edu/aat/300008090,,,
85,gerahmt (vierpassförmig),"hertziana,khi",,,,,,
84,gerahmt (Leistenrahmen),"hertziana,khi",,,,,,
82,korinthisch,"hertziana,khi",,,,,,
80,abgeschrägt,"hertziana,khi",48137200,,,,,
80,zweigeschossig,"hertziana,khi,marburg",48081700,http://vocab.getty.edu/aat/300163703,,,,
71,bogenförmig,"hertziana,khi",48133400,,,,,http://vocab.getty.edu/aat/300126995
71,polygonal,"hertziana,khi",48110000,,,,,http://vocab.getty.edu/aat/300263818
70,gerahmt (Kartuschenrahmen),khi,,,,,,
69,Halbrelief,"hertziana,khi",48002900,,,,,http://vocab.getty.edu/aat/300186218
68,einbogig,"hertziana,khi,marburg",01200059,,http://vocab.getty.edu/aat/300126995;http://vocab.getty.edu/aat/300449115,,,
68,6-figurig,"hertziana,khi,marburg",01200049,,,,,http://vocab.getty.edu/aat/300449121
65,freistehend,hertziana,48129000,,,,,
63,dreiteilig,"hertziana,khi,marburg",01200057,http://vocab.getty.edu/aat/300449118,,,,
63,halbrund,"hertziana,khi",48118400,,,,,
62,englischer Garten,"hertziana,khi",48071500,,http://vocab.getty.edu/aat/300008090,,,
60,Büstenreliquiar,"hertziana,khi,marburg",48001600,http://vocab.getty.edu/aat/300390990,,,,
60,zweibahnig,marburg,,,,,,
58,---,hertziana,20131757,,,,,
57,viereckig,"hertziana,khi",48096800,http://vocab.getty.edu/aat/300263826,,,,
55,Ädikularetabel,"hertziana,khi",47996800,,http://vocab.getty.edu/aat/300075940,,,
50,dreipassförmig,khi,48131400,,,,,http://vocab.getty.edu/aat/300009786
49,gerahmt (Ornamentrahmen),"hertziana,khi,marburg",,,,,,
48,Wandbrunnen,"hertziana,khi",47983200,,http://vocab.getty.edu/aat/300006179,,,
47,Kassettendecke,"hertziana,khi",48035500,,,,http://vocab.getty.edu/aat/300002041,
46,Peripteros,"hertziana,khi",48050400,http://vocab.getty.edu/aat/300135991,,,,
45,gewölbt,"hertziana,khi",48119600,,,,,
44,mehrfigurig,"hertziana,khi,marburg",,,,,,
44,polygonal (unregelmäßig),"hertziana,khi",,,,,,
44,Dreinagelkreuz,hertziana,48005000,,http://vocab.getty.edu/aat/300248835,,,
43,8-figurig,"hertziana,khi,marburg",01200051,,,,,http://vocab.getty.edu/aat/300449116
42,dreigeschossig,"hertziana,khi,marburg",48089500,http://vocab.getty.edu/aat/300163795,,,,
42,12-figurig,"hertziana,khi,marburg",,,,,,
39,rundbogig im Rechteck,"hertziana,khi",48104800,,,,,
39,querrechteckig,"hertziana,khi",48108200,,,,,http://vocab.getty.edu/aat/300263831
39,unregelmäßig,"hertziana,khi",48097400,,,,,
39,Bassgeigenkasel,marburg,,,,,,
38,gerahmt (bogenförmig),khi,,,,,,
38,rund im Rechteck,"hertziana,khi",48105600,,,,,
38,dorisch,"hertziana,khi",48022500,,,,,http://vocab.getty.edu/aat/300067406
38,Figurenkapitell,"hertziana,khi",48022300,,http://vocab.getty.edu/aat/300001662,,,
37,Podiumstempel,"hertziana,khi",20131691,,,,,
36,zweiteilig,"hertziana,khi",48092200,,,,,
36,13-figurig,"hertziana,khi,marburg",,,,,,
36,dreiarmig,"hertziana,khi,marburg",,,,,,
35,ellipsenförmig,"hertziana,khi",48129400,,,,,http://vocab.getty.edu/aat/300263820
34,Hallenkirche,"hertziana,khi",48061300,http://vocab.getty.edu/aat/300007490,,,,
34,dreiviertelseitig,"hertziana,khi,marburg",,,,,,
32,Rundplastik,khi,,,,,,
32,spitzoval,"hertziana,khi,marburg",,,,,,
32,Ädikularahmen,"hertziana,khi",48091200,,,,,
31,kartuschenförmig,"hertziana,khi",48116600,,,,,http://vocab.getty.edu/aat/300010256
31,rundbogenförmig,"hertziana,khi",,,,,,
30,Kastensarkophag,"hertziana,khi",47949800,,http://vocab.getty.edu/aat/300005947,,,
29,Kuppelkirche,"hertziana,khi",48058900,,,,,
28,Kastenreliquiar,"hertziana,khi",48000300,http://vocab.getty.edu/aat/300300917,,,,
28,fünfschiffig,"hertziana,khi",48087100,,,,,http://vocab.getty.edu/aat/300004627
27,zweischiffig,"hertziana,khi",48081300,,,,,http://vocab.getty.edu/aat/300004627
27,9-figurig,"hertziana,khi,marburg",,,,,,
26,bauchig,khi,48134800,,,,,
26,Höhlenkirche,"hertziana,khi",48060500,http://vocab.getty.edu/aat/300007508,,,,
26,viergeschossig,"hertziana,khi,marburg",48083900,,http://vocab.getty.edu/aat/300163697,,,
26,zweiseitig,"hertziana,khi,marburg",,,,,,
26,hochoval,hertziana,,,,,,
25,Atriumhaus,"khi,marburg",,,,,,
25,Kompositkapitell,"hertziana,khi",48021500,,http://vocab.getty.edu/aat/300001662,,,
25,Kuppelbau,"hertziana,khi",48059500,,,,,http://vocab.getty.edu/aat/300002230
25,7-figurig,"hertziana,khi,marburg",01200050,,,,,http://vocab.getty.edu/aat/300449122
24,Wandfigur,"hertziana,khi",47985500,,,,,
24,zweiflügelig,"hertziana,khi",48093200,,,,,
24,Hexastylos,"hertziana,khi",48051200,,,,,
24,Vierflügelanlage,"hertziana,khi",48084100,,http://vocab.getty.edu/aat/300000202,,,
24,gerahmt (Bordürenrahmen),khi,,,,,,
24,hufeisenbogig,"hertziana,khi,marburg",,,,,,
23,Stufenportal,"hertziana,khi",48017100,,http://vocab.getty.edu/aat/300076641,,,
23,oktogonal,"hertziana,khi,marburg",,,,,,
22,geschwungen,"hertziana,khi",48120000,,,,,
21,oben abgerundet,"hertziana,khi",48112200,,,,,
21,Pfeilerbasilika,"hertziana,khi",48058500,,http://vocab.getty.edu/aat/300170443,,,
21,Dreiflügelanlage,"hertziana,khi",48089700,,http://vocab.getty.edu/aat/300000202,,,
20,ionisch,"hertziana,khi",,,,,,
20,sechseckig im Rechteck,khi,48102600,,,,,
20,zylindrisch,"hertziana,khi",48091400,,,,,http://vocab.getty.edu/aat/300163037
20,Blockhaus,marburg,,,,,,
19,zweiarmig,"hertziana,khi,marburg",,,,,,
19,gerahmt (giebelförmig),"hertziana,khi",,,,,,
19,vierbahnig,marburg,,,,,,
18,Rundtempel,"hertziana,khi",,,,,,
18,Henkelvase,khi,20131649,,,,,
18,Tonnengewölbe,"hertziana,khi",48026300,http://vocab.getty.edu/aat/300001363,,,,
18,zweispaltig,khi,,,,,,
18,konvex,"hertziana,khi",48114600,,,,,http://vocab.getty.edu/aat/300010303
18,Viernagelkreuz,hertziana,48003600,,http://vocab.getty.edu/aat/300248835,,,
17,zweifigurig,"hertziana,khi",,,,,,
17,Rundbau,"hertziana,khi",,,,,,
17,befestigt,"hertziana,khi",48075200,,,,,http://vocab.getty.edu/aat/300254182
17,Kreuzkuppelkirche,"hertziana,khi",48059900,,,,,
17,Flügeltür,"hertziana,marburg",01200011,,,,http://vocab.getty.edu/aat/300002806,
17,Blattkonsole,marburg,,,,,,
15,Medaillon (gerahmt),"hertziana,khi",,,,,,
15,10-figurig,"hertziana,marburg",,,,,,
15,hufeisenförmig,hertziana,48117200,,,,,http://vocab.getty.edu/aat/300375251
14,Pyxis mit Deckel,khi,47964300,,http://vocab.getty.edu/aat/300083008,,,
14,tempelartig,"hertziana,khi",48099800,,http://vocab.getty.edu/aat/300007595,,,
14,Rotulus,"hertziana,khi",47988100,,,,,
14,dreischübig,marburg,,,,,,
13,oval im Quadrat,"hertziana,khi",48111000,,http://vocab.getty.edu/aat/300263817,,,
13,Kreuzgratgewölbe,"hertziana,khi",48028900,http://vocab.getty.edu/aat/300001347,,,,
13,Baldachingrabmal,"hertziana,khi",47951600,,http://vocab.getty.edu/aat/300005909,,,
13,kastenförmig,"hertziana,khi",48116400,,,,,http://vocab.getty.edu/aat/300045643
13,Pferdekopfwappen,"hertziana,khi",,,,,,
13,Hallenkrypta,"hertziana,khi",48061100,,http://vocab.getty.edu/aat/300004618,,,
13,Rollbild,hertziana,47988500,,,,,
12,Wendeltreppe,"hertziana,khi",48013100,http://vocab.getty.edu/aat/300003243,,,,
12,halbrund im Rechteck,khi,48118200,,,,,
12,Biforium,"hertziana,khi",48034300,,,,http://vocab.getty.edu/aat/300003092,
12,halbkreisförmig,"hertziana,khi",48119000,,,,,http://vocab.getty.edu/aat/300263828
12,halbrund (oben),"hertziana,khi",,,,,,
12,Rotunde,"hertziana,khi",48085700,http://vocab.getty.edu/aat/300004842,,,,
12,tropfenförmig,khi,48098200,,,,,
12,passig geschweift,marburg,,,,,,
11,Pseudobasilika,"hertziana,khi",48058300,,http://vocab.getty.edu/aat/300170443,,,
11,Bogenbrücke (einbogig),"hertziana,khi",,,,,,
11,rund im Achteck,"hertziana,khi",48106200,,,,,
11,dreibogig,"hertziana,khi",48132000,,,,,
11,zwölfeckig,"hertziana,khi",48091600,,,,,http://vocab.getty.edu/aat/300263822
11,Kolossalstatue,"hertziana,khi",47990500,http://vocab.getty.edu/aat/300047453,,,,
11,Wandgruppe,"hertziana,khi",47985100,,,,,
11,zweistufig,marburg,,,,,,
11,sechsteilig,"hertziana,marburg",,,,,,
10,Henkelkrug,khi,47968900,,http://vocab.getty.edu/aat/300045685,,,
10,tempiettoförmig,"hertziana,khi",48099600,,,,,
10,Emporenbasilika,"hertziana,khi",48062100,,http://vocab.getty.edu/aat/300170443,,,
10,lanzettförmig,khi,48113000,,,,,http://vocab.getty.edu/aat/300001081
10,Einsatzbild,"hertziana,khi",47992300,,,,,
10,kassettiert,"hertziana,khi",48086900,,,,,
10,Predella,"hertziana,khi",,,,,,
10,Konsolgrab,khi,47949400,,,,,
10,Oktastylos,"hertziana,khi,marburg",,,,,,
10,Pilasterfigur,"hertziana,khi",47988700,,,,,
10,9-zeilig,"khi,marburg",,,,,,
10,kreisförmig,hertziana,48114200,,,,,http://vocab.getty.edu/aat/300263827
10,Ädikulaportal,hertziana,48016700,,http://vocab.getty.edu/aat/300076641,,,
9,geschweift,"hertziana,khi",48120400,,,,,
9,zweiläufig,"hertziana,khi",48012900,,,,,
9,Freigrab,"hertziana,khi",47950400,,,,,
9,Logentheater,"hertziana,khi",,,,,,
9,vierteilig,"hertziana,khi",48095400,,,,,
9,8-zeilig,"hertziana,marburg",,,,,,
9,Quader,hertziana,48109000,,,,http://vocab.getty.edu/aat/300404429,
8,Deckelvase,khi,20131592,,,,,
8,14-figurig,"hertziana,khi,marburg",,,,,,
8,ganzseitig,"khi,marburg",,,,,,
8,zweijochig,"hertziana,khi",48081500,,,,,http://vocab.getty.edu/aat/300002654
8,Villa suburbana,"hertziana,khi",48064600,http://vocab.getty.edu/aat/300005519,,,,
8,Stufenhalle,"hertziana,khi",48048000,,http://vocab.getty.edu/aat/300007490,,,
8,Bogenbrücke (dreibogig),"hertziana,khi",,,,,,
8,Felsengrab,khi,47950800,http://vocab.getty.edu/aat/300120624,,,,
8,Nischengrab,"hertziana,khi",47949000,,http://vocab.getty.edu/aat/300005926,,,
8,Bogenbrücke,"hertziana,khi",48079500,http://vocab.getty.edu/aat/300007838,,,,
8,15-figurig,"khi,marburg",,,,,,
8,Säulensarkophag,"hertziana,khi",47948800,,http://vocab.getty.edu/aat/300005947,,,
8,Doppelkirche,"hertziana,khi",48062700,http://vocab.getty.edu/aat/300007487,,,,
8,konkav,"hertziana,marburg",,,,,,
8,kielbogenförmig geschlossen,hertziana,48115400,,,,,
7,Hängebrücke,khi,20131655,,,,,
7,Statuettenreliquiar,"hertziana,khi",47953400,,http://vocab.getty.edu/aat/300187549,,,
7,Pseudoperipteros,"hertziana,khi",20131694,,,,,
7,gerahmt (oval),"hertziana,khi",,,,,,
7,spiralförmig,"hertziana,khi",48101200,,,,,http://vocab.getty.edu/aat/300163114
7,Wannensarkophag,"hertziana,khi",47947400,,http://vocab.getty.edu/aat/300005947,,,
7,Ädikulaepitaph,"hertziana,khi",47951800,,http://vocab.getty.edu/aat/300028729,,,
7,rautenförmig,"hertziana,khi",48107800,,,,,http://vocab.getty.edu/aat/300263830
7,Tafelbild mit Rückseite,"hertziana,khi",47986700,,,,,
7,Peristylhaus,"hertziana,khi",48066600,,,http://vocab.getty.edu/aat/300080971,,
7,Hochhaus,"hertziana,khi",48067200,http://vocab.getty.edu/aat/300004810,,,,
7,Kuppelbasilika,"hertziana,khi",48059700,,,,,
7,Tambourkuppel,"hertziana,khi",48026500,,,,,
7,flaschenförmig,marburg,,,,,,
7,11-figurig,"hertziana,marburg",,,,,,
7,fünfbogig,marburg,,,,,,
7,Doppelgefäß,marburg,,,,,,
7,eintürig,marburg,,,,,,
7,17-zeilig,marburg,,,,,,
7,gerahmt (achteckig),hertziana,,,,,,
6,Schnabelkanne,khi,47971700,,,,,
6,Figurensäule,"hertziana,khi",20410019,,http://vocab.getty.edu/aat/300001573,,,http://vocab.getty.edu/aat/300184720
6,Gewandstatue,khi,,,,,,
6,Codex (liturgisch mit Notenschrift),khi,,,,,,
6,Wandelaltar,"hertziana,khi",47997000,,http://vocab.getty.edu/aat/300003725,,,
6,französischer Garten,khi,48071300,http://vocab.getty.edu/aat/300108287,,,,
6,dreiseitig,khi,48131000,,,,,
6,Saalgebäude,khi,48085500,,,,,
6,zweiachsig,"hertziana,khi",48093800,,,,,
6,Antentempel,"hertziana,khi,marburg",48051800,,http://vocab.getty.edu/aat/300007595,,,
6,Henkelkanne,khi,20131646,,,,,
6,gerahmt (nischenförmig),"hertziana,khi",,,,,,
6,16-figurig,"khi,marburg",,,,,,
6,Vitentafel,"hertziana,khi",47985900,,,,,
6,Quadriportikus,"hertziana,khi",,,,,,
6,kelchförmig,"hertziana,khi",48116000,,,,,http://vocab.getty.edu/aat/300194762
6,zweischübig,marburg,,,,,,
6,Steigbügelkanne,marburg,,,,,,
6,siebenachsig,marburg,,,,,,
6,Emporenhallenkirche,marburg,,,,,,
6,Steigbügelgefäß,marburg,,,,,,
6,fünfteilig,"hertziana,marburg",48127400,,,,,
6,13-zeilig,marburg,,,,,,
6,Säulenportal,hertziana,48014200,,http://vocab.getty.edu/aat/300076641,,,
6,asymmetrisch,hertziana,48135600,,,,,
6,Blattkapitell,hertziana,48022900,,http://vocab.getty.edu/aat/300001662,,,
6,Albarello,hertziana,47981400,http://vocab.getty.edu/aat/300198823,,,,
6,Schulterbogenportal,hertziana,20131711,,,,,
6,Doppelturmfassade,hertziana,48035000,,http://vocab.getty.edu/aat/300389894,,,
5,Volutenkapitell,"hertziana,khi",48020100,,http://vocab.getty.edu/aat/300001662,,,
5,pyramidal,"hertziana,khi",48109400,,,,,http://vocab.getty.edu/aat/300378901
5,Doppelportal,"hertziana,khi",48018900,,http://vocab.getty.edu/aat/300076641,,,
5,Doppelfenster,"khi,marburg",,,,,,
5,kanneliert,"hertziana,khi",48116800,,,,,http://vocab.getty.edu/aat/300010233
5,achtpassförmig,"hertziana,khi",48136800,,,,,http://vocab.getty.edu/aat/300175565
5,Schalenbrunnen,"hertziana,khi",47983800,,http://vocab.getty.edu/aat/300006179,,,
5,Felsenkirche,"hertziana,khi",20131618,,,,,
5,muschelförmig,"hertziana,khi",48112600,,,,,
5,Muqarnas,"hertziana,khi",20410028,http://vocab.getty.edu/aat/300081762,,,,
5,kleeblattförmig,"hertziana,khi",48115200,,,,,
5,vierschiffig,"hertziana,khi",48083500,,,,,http://vocab.getty.edu/aat/300004627
5,turmartig,"hertziana,khi",48098000,,,,,
5,Prostylos,"hertziana,khi",20131693,,,,,
5,Sammelbild,"hertziana,khi",47987900,,,,,
5,dreibeinig,"hertziana,khi",48132200,,,,,
5,eingeschossig,"hertziana,khi",48088500,http://vocab.getty.edu/aat/300163781,,,,
5,fünfeckig,"hertziana,khi",48128200,,,,,http://vocab.getty.edu/aat/300263825
5,Spiegelgewölbe,"hertziana,khi",48027300,,,,,
5,2-zonig,marburg,,,,,,
5,achtteilig,"hertziana,marburg",,,,,,
5,fünfbahnig,marburg,,,,,,
5,Bieberschwanz,marburg,,,,,,
5,kantoniert,marburg,,,,,,
5,oben geschwungen,marburg,,,,,,
5,fünfarmig,hertziana,48128400,,,,,
5,Würfelkapitell,hertziana,48019700,,http://vocab.getty.edu/aat/300001662,,,
5,Doppelgrabmal,hertziana,20131596,,,,,
5,Dreiapsidenchor,hertziana,48045800,,,,,
4,geschweift (oben),khi,,,,,,
4,Säulenbasilika,"hertziana,khi",48056300,,http://vocab.getty.edu/aat/300170443,,,
4,Henkeltopf,khi,47958500,,http://vocab.getty.edu/aat/300045697,,,
4,offen,khi,48112000,,,,,
4,vierpassförmig in Raute,khi,48095600,,,,,
4,tonnenförmig,khi,48098800,,,,,
4,Kreuzreliquiar,"hertziana,khi",47999900,,http://vocab.getty.edu/aat/300187549,,,
4,Säulenportikus,"hertziana,khi",48048200,,,,,
4,Kanne mit Deckel,khi,47972100,,http://vocab.getty.edu/aat/300045685,,,
4,Ritzzeichnung,"hertziana,khi",47996300,,,,,
4,Turmreliquiar,khi,47952600,,http://vocab.getty.edu/aat/300187549,,,
4,Muldengewölbe,"hertziana,khi",48028300,,,,,
4,Plattenpanzer,khi,,,,,,
4,Außentreppe,"hertziana,khi",48013700,,,,,
4,Kanne mit Ausgußrohr,khi,,,,,,
4,Graduale,khi,,,,,,
4,siebenarmig,"hertziana,khi",48101800,,,,,
4,vierpassförmig im Rechteck,"hertziana,khi",48096000,,,,,
4,Dipteros,khi,20131593,,,,,
4,Viertelbogen,khi,48095000,,,,,
4,Eckkonsole,khi,,,,,,
4,"oval, angeschnitten",khi,,,,,,
4,Baldachinaltar,"hertziana,khi",48009500,,http://vocab.getty.edu/aat/300003725,,,
4,Hängeampel,khi,,,,,,
4,fächerförmig,"hertziana,khi",48128800,,,,,http://vocab.getty.edu/aat/300010310
4,fünfachsig,"hertziana,khi",48128600,,,,,
4,Kuppelgewölbe,khi,48028500,,http://vocab.getty.edu/aat/300061289,,,
4,Staffelhalle,"hertziana,khi",,,,,,
4,Säulenmonument,"hertziana,khi",,,,,,
4,Henkelgefäß,"khi,marburg",,,,,,
4,Dreieckbild im Rechteck,"hertziana,khi",47992500,,,,,
4,Pokalvase,marburg,,,,,,
4,Buckelpokal,marburg,,,,,,
4,dreizehnachsig,marburg,,,,,,
4,achtachsig,marburg,,,,,,
4,siebenteilig,marburg,,,,,,
4,oben geschweift,marburg,,,,,,
4,28-zeilig,marburg,,,,,,
4,Vitrinenschrank,marburg,,,,,,
4,neunachsig,marburg,,,,,,
4,siebenbogig,marburg,,,,,,
4,Halbschrank,marburg,,,,,,
4,7-zeilig,marburg,,,,,,
4,Barghus,marburg,,,,,,
4,dreiflammig,marburg,,,,,,
4,rund im Vierpass,marburg,,,,,,
4,6-zeilig,"hertziana,marburg",,,,,,
4,Wandpfeilerkirche,hertziana,48055100,,,,,
4,herzförmig,hertziana,48117800,,,,,http://vocab.getty.edu/aat/300009874
4,fünfgeschossig,hertziana,48087500,,http://vocab.getty.edu/aat/300163697,,,
3,halbkugelförmig,"hertziana,khi",48118800,,,,,http://vocab.getty.edu/aat/300055639
3,Netzgewölbe,"hertziana,khi",48027900,http://vocab.getty.edu/aat/300001400,,,,
3,rautenförmig im Rechteck,"hertziana,khi",48107600,,,,,
3,abgeschrägt (oben),"hertziana,khi",,,,,,
3,Halbbogen,"hertziana,khi",47981900,,,,,
3,zweibogig,"hertziana,khi",48093600,,,,,
3,zweiflammig,"khi,marburg",,,,,,
3,Ziborienaltar,"hertziana,khi",48008100,,http://vocab.getty.edu/aat/300003725,,,
3,Triumphbogenportal,"hertziana,khi",48016900,,http://vocab.getty.edu/aat/300076641,,,
3,moderner Garten,"khi,marburg",,,,,,
3,Säulenvorhalle,"hertziana,khi",48014000,,,,,
3,zweipassförmig,"hertziana,khi",48092800,,,,,
3,schalenförmig,"hertziana,khi",48104600,,,,,
3,gerahmt (Architekturrahmen),"hertziana,khi",,,,,,
3,Kandelaberbrunnen,"hertziana,khi",47984600,,,,,
3,Kreuzgewölbe,"hertziana,khi",,,,,,
3,Zweiflügelanlage,"hertziana,khi",48081900,,http://vocab.getty.edu/aat/300000202,,,
3,Bild mit Dreiecksgiebel,"hertziana,khi",47995400,,,,,
3,blattförmig,"hertziana,khi",48133800,,,,,http://vocab.getty.edu/aat/300255941
3,3,"hertziana,khi",,,,,,
3,8-Schluss,"hertziana,khi",,,,,,
3,Doppeltempel,"hertziana,khi",48051600,,,,,
3,Schrägseilbrücke,"hertziana,khi",20131710,,,,,
3,Pfeilerhalle,marburg,,,,,,
3,vierbogig,marburg,,,,,,
3,Steigbügelausguss,marburg,,,,,,
3,fünfzehnachsig,marburg,,,,,,
3,sechsachsig,marburg,,,,,,
3,Spitzamphoriskos (mit Fuß),marburg,,,,,,
3,dreistufig,marburg,,,,,,
3,10-zeilig,marburg,,,,,,
3,kürbisförmig,marburg,,,,,,
3,18-figurig,marburg,,,,,,
3,Traufenhaus,marburg,48065000,,http://vocab.getty.edu/aat/300005521,,,
3,Sterngewölbe,"hertziana,marburg",48026700,http://vocab.getty.edu/aat/300001401,,,,
3,parabelförmig,marburg,,,,,,
3,dreizehngeschossig,"hertziana,marburg",,,,,,
3,vierarmig,"hertziana,marburg",,,,,,
3,15-zeilig,marburg,,,,,,
3,Aufsatzkommode,marburg,,,,,,
3,Fallgriff,marburg,,,,,,
3,urnenförmig,hertziana,48097200,,,,,http://vocab.getty.edu/aat/300256744
3,Relief,hertziana,,,,,,
3,Querschnittsfassade,hertziana,,,,,,
3,Hochreleif,hertziana,,,,,,
3,Vierkonchenanlage,hertziana,48055300,,,,,
3,Kreuzrippengewölbe,hertziana,48028700,,,,http://vocab.getty.edu/aat/300001393,
3,Glockenkrater,hertziana,47970400,http://vocab.getty.edu/aat/300198857,,,,
3,Megalithtempel,hertziana,48050800,,,,,
3,Raumbuchtentempel,hertziana,48050200,,,,,
3,dreiachsig,hertziana,48132600,,,,,
3,Umgangschor (mit Kapellenkranz),hertziana,,,,,,
3,sternförmig,hertziana,48100200,,,,,http://vocab.getty.edu/aat/300010329
3,dreijochig,hertziana,48089300,,,,,http://vocab.getty.edu/aat/300002654
3,fünfjochig,hertziana,48087300,,,,,http://vocab.getty.edu/aat/300002654
3,Tabernakelaltar,hertziana,20131721,,,,,
2,Wandtisch,khi,20131742,,,,,
2,kugelförmig,khi,48113400,,,,,http://vocab.getty.edu/aat/300378898
2,Ziboriumreliquiar,khi,47999500,,,,,
2,Bogenbrücke (zweibogig),khi,,,,,,
2,Bogengrab,khi,47951200,,,,,
2,Kolossalbüste,khi,47990700,,http://vocab.getty.edu/aat/300047453,,,
2,Kopfbahnhof,khi,20131672,,,,,
2,Pseudodipteros,khi,20410178,http://vocab.getty.edu/aat/300135992,,,,
2,überdacht,khi,48081100,,,,,
2,Schale mit Fuß,khi,47962800,,,,,
2,Pfeilerbrücke,khi,48077100,,,,,
2,Volutenkrater,khi,47969600,http://vocab.getty.edu/aat/300198856,,,,
2,eingezogen,khi,48129800,,,,,
2,Tierkapitell,khi,20131727,,,,,
2,30-teilig,khi,,,,,,
2,Fischauge,khi,47934800,,,,,
2,gekrümmt,khi,48126600,,,,,
2,japanischer Garten,khi,20131660,,,,,
2,Psalterium,khi,,,,,,
2,Felsenstadt,khi,,,,,,
2,Felsentempel,khi,48051400,http://vocab.getty.edu/aat/300007623,,,,
2,Fächergewölbe,khi,20131626,,,,,
2,Henkelschale,khi,20131647,,,,,
2,arkadenförmig,khi,48136200,,,,,http://vocab.getty.edu/aat/300002580
2,doppelläufig,khi,48013500,,,,,
2,tailliert,khi,,,,,,
2,Krater mit Ständer,khi,47969800,,,,,
2,Rundtreppe,khi,,,,,,
2,vierpassförmig im Rund,khi,48095800,,,,,
2,Ringpanzerkette,khi,47939900,,,,,
2,Kanne mit Ausgussrohr,khi,47972300,,,,,
2,Akanthuskapitell,khi,48023100,,http://vocab.getty.edu/aat/300001662,,,
2,Doppelkonsole,khi,20131601,,,,,
2,Doppeltor,khi,,,,,,
2,Architekturrahmen,khi,48136400,,,,,
2,Arkadenfries,khi,48032000,,,,,
2,mehrseitig,khi,,,,,,
2,Halle,khi,,,,,,
2,gerahmt (dreipassförmig),khi,,,,,,
2,Tafelreliquiar,khi,47953000,,,,,
2,Zwillingsfenster,khi,48032400,,,,,
2,zehneckig,khi,48094200,,,,,http://vocab.getty.edu/aat/300263821
2,Kreuzanhänger,khi,47941700,,,,,
2,pylonartig,khi,48109600,,,,,
2,sechsschiffig,khi,,,,,,
2,umlaufend,khi,48097800,,,,,
2,Medaillenanhänger,khi,47941300,,,,,
2,konisch-zylindrisch,khi,48114800,,,,,
2,siebeneckig,khi,48101600,,,,,http://vocab.getty.edu/aat/300378916
2,Nischengliederung,khi,47931400,,,,,
2,Kammergrabmal,khi,47950000,,,,,
2,kopfförmig,khi,48114400,,,,,http://vocab.getty.edu/aat/300262520
2,Kryptobasilika,khi,,,,,,
2,Pfeilerfigur,khi,47988900,,,,,
2,Dreikonchenchor,khi,48045400,,,,,
2,Dreifaszienarchitrav,khi,,,,,,
2,sechspassförmig,khi,48102200,,,,,http://vocab.getty.edu/aat/300175565
2,Doppelseite,khi,,,,,,
2,Dekastylos,khi,,,,,,
2,tordiert,khi,,,,,,
2,Giebelportal,khi,48018500,,,,,
2,fünfseitig,khi,48127600,,,,,
2,Scheibenreliquiar,khi,47953800,,http://vocab.getty.edu/aat/300187549,,,
2,komposit,khi,,,,,,
2,Lunette,khi,,,,,,
2,vierzehnbogig,marburg,,,,,,
2,Balkenbrücke,"hertziana,marburg",,,,,,
2,zwölfarmig,"hertziana,marburg",,,,,,
2,Flachkuppel,marburg,,,,,,
2,20-figurig,marburg,,,,,,
2,zweischneidig,marburg,,,,,,
2,Zylinderhalsbecher,marburg,,,,,,
2,Steigbügelgriff,marburg,,,,,,
2,20-zeilig,marburg,,,,,,
2,Stichkappentonne,marburg,48026100,http://vocab.getty.edu/aat/300452101,,,,
2,Knopfhenkel,marburg,,,,,,
2,Dreigiebelhaus,marburg,,,,,,
2,trichterförmig,marburg,48098400,,,,,http://vocab.getty.edu/aat/300200490
2,17-achsig,marburg,,,,,,
2,36-zeilig,marburg,,,,,,
2,Einsteckleuchter,marburg,,,,,,
2,wellenförmig,marburg,,,,,,
2,siebzehnachsig,marburg,,,,,,
2,Hängekapitell,marburg,,,,,,
2,rosettenförmig,"hertziana,marburg",,,,,,
2,dreizehnseitig,marburg,,,,,,
2,Per-Ur,marburg,,,,,,
2,Klapptisch,marburg,,,,,,
2,sechzehneckig,marburg,,,,,,
2,dreiläufig (mit gemeinsamem Antritt),"hertziana,marburg",,,,,,
2,36-teilig,marburg,,,,,,
2,achtarmig,"hertziana,marburg",,,,,,
2,winkelförmig,marburg,,,,,,
2,Aufsatzuhr,marburg,,,,,,
2,einseitig,marburg,,,,,,
2,ringförmig,"hertziana,marburg",,,,,,
2,18-zeilig,marburg,,,,,,
2,14-zeilig,marburg,,,,,,
2,5-zeilig,"hertziana,marburg",,,,,,
2,11-zeilig,marburg,,,,,,
2,halbseitig gerahmt,marburg,,,,,,
2,halbkreisfömig,hertziana,,,,,,
2,Blockaltar,hertziana,48009300,,http://vocab.getty.edu/aat/300003725,,,
2,Turmmonstranz,hertziana,47952800,http://vocab.getty.edu/aat/300395614,,,,
2,Gewändeportal,hertziana,48018700,,http://vocab.getty.edu/aat/300076641,,,
2,Wandtabernakel,hertziana,,,,,,
2,Kuppebau,hertziana,,,,,,
2,Kastenaltar,hertziana,48008900,,http://vocab.getty.edu/aat/300003725,,,
2,Wandnischengrab,hertziana,47947600,,,,,
2,dreiläufig,hertziana,48013300,,,,,
2,Kapselreliquiar,hertziana,48001200,,http://vocab.getty.edu/aat/300187549,,,
2,Stift,hertziana,,,,,,
2,Treppengasse,hertziana,48010300,,,,,
2,sechsgeschossig,hertziana,48085300,,http://vocab.getty.edu/aat/300163697,,,
2,Kastellburg,hertziana,48073700,,http://vocab.getty.edu/aat/300006891,,,
2,Arkadenhof,hertziana,48012100,,,,,
2,Tischgrab,hertziana,47948400,,,,,
2,Baldachinfigur,hertziana,47938200,,,,,
2,Kohle (schwarz),hertziana,,,,,,
2,Armreliquiar,hertziana,48002000,,http://vocab.getty.edu/aat/300263061,,,
2,doppelchörig,hertziana,48063100,,,,,
2,Faltblatt,hertziana,47982700,http://vocab.getty.edu/aat/300015577,,,,
2,Giebelhaus,hertziana,48067800,http://vocab.getty.edu/aat/300005522,,,,
1,vierundvierzigteilig,marburg,,,,,,
1,stamnoider Topf (ohne Henkel),marburg,,,,,,
1,zwanzigachsig,marburg,,,,,,
1,Standerker,marburg,,,,,,
1,Drillingsfenster,marburg,,,,,,
1,14-achsig,marburg,,,,,,
1,Dachhaus,marburg,,,,,,
1,neunbogig,marburg,,,,,,
1,Bartmannskrug,marburg,,,,,,
1,Bergholländer,marburg,,,,,,
1,Kelchkrater,marburg,47970200,http://vocab.getty.edu/aat/300198858,,,,
1,Pseudohallenkirche,marburg,,,,,,
1,elfteilig,marburg,,,,,,
1,viermanualig,marburg,,,,,,
1,Krüppelwalmdach,marburg,48041100,,http://vocab.getty.edu/aat/300002147,,,
1,23-geschossig,marburg,,,,,,
1,vielpassbogig,marburg,,,,,,
1,Heptagonal,marburg,,,,,,
1,einflammig,marburg,,,,,,
1,Pfostenstuhl,marburg,,,,,,
1,neunzehngeschossig,marburg,,,,,,
1,viertelgewendelter Antritt,marburg,,,,,,
1,einunddreißigteilig,marburg,,,,,,
1,Isopata-Typ,marburg,,,,,,
1,Fünfundzwanzigbogig,marburg,,,,,,
1,Crampton,marburg,,,,,,
1,Bodenstanduhr,marburg,,,,,,
1,zwölfgeschossig,marburg,,,,,,
1,Turmvilla,marburg,,,,,,
1,zehnbogig,marburg,,,,,,
1,Chorseitenturmkirche,marburg,,,,,,
1,kolbenförmig,marburg,,,,,,
1,Ständerbau,marburg,48065200,,http://vocab.getty.edu/aat/300111619,,,
1,"Südwand, rechts der Tür in der Raumecke",marburg,,,,,,
1,hufeisenspitzbögig,marburg,,,,,,
1,dreimanualig,marburg,,,,,,
1,neunarmig,marburg,,,,,,
1,24-geschossig,marburg,,,,,,
1,Hängeuhr,marburg,,,,,,
1,26-geschossig,marburg,,,,,,
1,26-zeilig,marburg,,,,,,
1,fünfundfünfzigteilig,marburg,,,,,,
1,rampenförmig,marburg,,,,,,
1,Dachtruhe,marburg,,,,,,
1,Fächerschale,marburg,,,,,,
1,Eckkachel,marburg,,,,,,
1,Fünfkonchenanlage,marburg,,,,,,
1,Kugelaryballos,marburg,,,,,,
1,Oinochoe mit Deckel,marburg,,,,,,
1,Greifenfibel,marburg,,,,,,
1,Höhlenrefektorium,marburg,,,,,,
1,Höhlenraum,marburg,,,,,,
1,Pavillion,marburg,,,,,,
1,Per-Nou,marburg,,,,,,
1,Antenkapitell,marburg,,,,,,
1,fußförmig,marburg,,,,,,
1,Tripylon,marburg,,,,,,
1,figürlich,marburg,,,,,,
1,dreitürig,marburg,,,,,,
1,16-achsig,marburg,,,,,,
1,Spaltoktaeder,marburg,,,,,,
1,kasemattiert,marburg,,,,,,
1,Altdeutsche Deckung,marburg,,,,,,
1,7,marburg,,,,,,
1,14-Schluss,marburg,,,,,,
1,fünfflammig,marburg,,,,,,
1,Quadrantenform,marburg,,,,,,
1,elfbogig,marburg,,,,,,
1,21-zeilig,marburg,,,,,,
1,12-zeilig,marburg,,,,,,
1,30-zeilig,marburg,,,,,,
1,22-zeilig,marburg,,,,,,
1,zweiundzwanzigteilig,marburg,,,,,,
1,freitragend,marburg,,,,,,
1,Bügelhenkel,marburg,,,,,,
1,Blendfenster,marburg,,,,,,
1,neunzehnteilig,marburg,,,,,,
1,vierflammig,marburg,,,,,,
1,32-teilig,marburg,,,,,,
1,Dreikirchen-Basilika,marburg,,,,,,
1,Steigbügelkrug,marburg,,,,,,
1,neunteilig,marburg,,,,,,
1,elfgeschossig,marburg,,,,,,
1,zwölfteilig,marburg,,,,,,
1,kristallförmig,marburg,,,,,,
1,sechsbahnig,marburg,,,,,,
1,Rohr-Quadratmast,marburg,,,,,,
1,zweihenkelig,marburg,,,,,,
1,vierzonig,marburg,,,,,,
1,16-zeilig,marburg,,,,,,
1,4-zeilig,marburg,,,,,,
1,19-zeilig,marburg,,,,,,
1,zehngeschossig,marburg,,,,,,
1,eselsrückenförmig,marburg,,,,,,
1,einmanualig,marburg,,,,,,
1,S-Fibel,marburg,,,,,,
1,Daubenkrug,marburg,,,,,,
1,Auslegerbrücke,marburg,,,,,,
1,13-achsig,marburg,,,,,,
1,Stahlfachwerk,marburg,,,,,,
1,achtzehnachsig,marburg,,,,,,
1,zwölfjochig,marburg,,,,,,
1,Felsenwohnung,hertziana,20131619,,,,,
1,Bastionärbefestigung (altitalienisch),hertziana,,,,,,
1,Sonnenmonstranz,hertziana,,,,,,
1,Reiterstand,hertziana,,,,,,
1,Edicola,hertziana,,,,,,
1,Segmentbogenportal,hertziana,48017700,,,,,
1,Wanduhr,hertziana,47952100,http://vocab.getty.edu/aat/300041592,,,,
1,Marmor,hertziana,,,,,,
1,sechsbogig,hertziana,48103200,,,,,
1,Kompositretabel,hertziana,20131671,,,,,
1,Eckschrank,hertziana,20131612,,,,,
1,Sammelzeichnung,hertziana,47995900,,,,,
1,Maßwerkarkade,hertziana,48011100,,,,,
1,Amphora mit Deckel,hertziana,47981100,,http://vocab.getty.edu/aat/300148696,,,
1,Staffelchor,hertziana,48044600,,,,,
1,Ziehbrunnen,hertziana,47983000,,http://vocab.getty.edu/aat/300152327,,,
1,Bastionärbefestigung (irregulär),hertziana,,,,,,
1,Glas,hertziana,,,,,,
1,Kugel,hertziana,48113600,,,,,
1,gedrehte Säule,hertziana,48015200,,,,,
1,sechsarmig,hertziana,48103400,,,,,
1,Dreikonchenanlage,hertziana,48062300,http://vocab.getty.edu/aat/300004821,,,,
1,Doppelkapitell,hertziana,48022700,,http://vocab.getty.edu/aat/300001662,,,
1,versenktes Relief,hertziana,48002300,http://vocab.getty.edu/aat/300186231,,,,
1,Papier (weiß),hertziana,,,,,,
1,Eckhaus,hertziana,48069600,,http://vocab.getty.edu/aat/300004790,,,
1,Wandgrabmal,hertziana,,,,,,
1,Fußreliquiar,hertziana,47954400,,http://vocab.getty.edu/aat/300263061,,,
1,95-figurig,hertziana,,,,,,
1,Terrassengarten,hertziana,48070900,http://vocab.getty.edu/aat/300404778,,,,
1,Springbrunnen,hertziana,47983600,,http://vocab.getty.edu/aat/300006179,,,
1,vierläufig (mit gemeinsamem Antritt),hertziana,,,,,,
1,Model,hertziana,,,,,,
1,vierzehnteilig,hertziana,,,,,,
1,hal,hertziana,,,,,,
1,35-figurig,hertziana,,,,,,
1,Bogenfries,hertziana,48031800,,,,,
1,zweirädrig,hertziana,,,,,,
1,Tonnengewölbe mit Stichkappen,hertziana,,,,,,
1,Doppelstatue,hertziana,47992700,,http://vocab.getty.edu/aat/300047600,,,
1,Baldachindenkmal,hertziana,47938400,,,,,
1,Kreuz,hertziana,,,,,,
1,Kuppel der Gedächtniskapelle für den heiligen Justus,hertziana,,,,,,
1,Doppeltheater,hertziana,,,,,,
1,pilzförmig,hertziana,48110200,,,,,
1,Tischaltar,hertziana,20131728,http://vocab.getty.edu/aat/300411357,,,,
1,eiförmig,hertziana,48130400,,,,,http://vocab.getty.edu/aat/300121943
1,Konsolfries,hertziana,48031600,,http://vocab.getty.edu/aat/300123582,,,
1,einläufig,hertziana,,,,,,
1,mit Zwischenpodesten,hertziana,,,,,,
1,mehrteilig (4-teilig),hertziana,,,,,,
1,Doppelbasilika,hertziana,48063300,,,,,
1,ornamentiert,hertziana,48111800,,,,,
1,balusterförmig,hertziana,48135000,,,,,http://vocab.getty.edu/aat/300003287
1,Sechskonchenanlage,hertziana,,,,,,
1,vierachsig,hertziana,48097000,,,,,
1,sechzehnteilig,hertziana,48102000,,,,,
1,30-figurig,hertziana,,,,,,
1,39-figurig,hertziana,,,,,,
1,dreispitzig,hertziana,,,,,,
1,Ecken beschnitten,hertziana,,,,,,
1,Karniesbogen,hertziana,,,,,,
1,vierpassförmig im Oval,hertziana,48096200,,,,,
1,Pflanzenkapitell,hertziana,48020700,,http://vocab.getty.edu/aat/300001662,,,
1,Flachrel,hertziana,,,,,,
1,Kielbogenportal,hertziana,48018100,,http://vocab.getty.edu/aat/300076641,,,
1,rund gerahmt (achteckig),hertziana,,,,,,
1,Tetraptychon,hertziana,47997600,,,,,
1,oval im Achteck,hertziana,48111200,,http://vocab.getty.edu/aat/300263817,,,
1,Sitzfigur,hertziana,,,,,,
1,dreikanalig,hertziana,,,,,,
1,Architrav,hertziana,,,,,,
1,Hermenpfeiler,hertziana,,,,,,
1,Höhlenkrypta,hertziana,48060300,,,,,
1,Reihenhaus,hertziana,48065800,http://vocab.getty.edu/aat/300132989,,,,
1,Zweiturmfassade,hertziana,20131754,,,,,
1,Kreide (schwarz),hertziana,,,,,,
1,Kreide (rot),hertziana,,,,,,
1,Pfeiler,hertziana,,,,,,
1,gezackt,hertziana,,,,,,
1,Schlüsselscharte,hertziana,48072700,,,,,
1,Rankeninitiale,hertziana,20131696,,http://vocab.getty.edu/aat/300417548,,,
1,Figurentabernakel,hertziana,,,,,,
1,Spiralfries,hertziana,48031000,,,,,
1,geschwungen (Vorderkante),hertziana,,,,,,
1,Tetrapylon,hertziana,48052200,,,,,
1,Fußschale,hertziana,47963000,,,,,
1,keilförmig,hertziana,,,,,,
1,Krückenkapitell,hertziana,,,,,,
